City,q,Q_bc_avg
Chengdu,0.0,0.882622950819672
Chengdu,0.01,0.8656591530054646
Chengdu,0.02,0.8478087431693989
Chengdu,0.03,0.8294043715846996
Chengdu,0.04,0.8126222677595629
Chengdu,0.05,0.7885498633879782
Chengdu,0.06,0.7756612021857923
Chengdu,0.07,0.7527035519125682
Chengdu,0.08,0.7240642076502732
Chengdu,0.09,0.7054439890710384
Chengdu,0.1,0.6856243169398907
Chengdu,0.11,0.6658101092896174
Chengdu,0.12,0.6392848360655737
Chengdu,0.13,0.6174098360655738
Chengdu,0.14,0.5888825136612021
Chengdu,0.15,0.5746625683060108
Chengdu,0.16,0.5400204918032788
Chengdu,0.17,0.5192834699453552
Chengdu,0.18,0.48620013661202177
Chengdu,0.19,0.46038797814207655
Chengdu,0.2,0.42744467213114756
Chengdu,0.21,0.38748019125683064
Chengdu,0.22,0.36602049180327867
Chengdu,0.23,0.3162103825136612
Chengdu,0.24,0.2977527322404372
Chengdu,0.25,0.2505266393442623
Chengdu,0.26,0.21094193989071036
Chengdu,0.27,0.19908401639344261
Chengdu,0.28,0.1617103825136612
Chengdu,0.29,0.1356898907103825
Chengdu,0.3,0.11165846994535518
Chengdu,0.31,0.09208401639344262
Chengdu,0.32,0.0645403005464481
Chengdu,0.33,0.05402937158469945
Chengdu,0.34,0.044451502732240425
Chengdu,0.35,0.031961065573770486
Chengdu,0.36,0.025066939890710384
Chengdu,0.37,0.02462431693989071
Chengdu,0.38,0.01681762295081967
Chengdu,0.39,0.012024590163934427
Chengdu,0.4,0.012890710382513663
Chengdu,0.41,0.010226775956284153
Chengdu,0.42,0.008134562841530055
Chengdu,0.43,0.006057377049180327
Chengdu,0.44,0.005637295081967214
Chengdu,0.45,0.004627049180327869
Chengdu,0.46,0.004118169398907104
Chengdu,0.47,0.003707650273224044
Chengdu,0.48,0.003498633879781421
Chengdu,0.49,0.003432377049180327
Chengdu,0.5,0.0030580601092896173
Chengdu,0.51,0.002655054644808743
Chengdu,0.52,0.002461065573770492
Chengdu,0.53,0.00210655737704918
Chengdu,0.54,0.002119535519125683
Chengdu,0.55,0.00183948087431694
Chengdu,0.56,0.0018346994535519128
Chengdu,0.57,0.0014453551912568306
Chengdu,0.58,0.001298497267759563
Chengdu,0.59,0.0013729508196721311
Chengdu,0.6,0.001202868852459016
Chengdu,0.61,0.0011222677595628414
Chengdu,0.62,0.0010122950819672128
Chengdu,0.63,0.0009173497267759564
Chengdu,0.64,0.0009241803278688523
Chengdu,0.65,0.0008565573770491804
Chengdu,0.66,0.0007493169398907104
Chengdu,0.67,0.0007568306010928962
Chengdu,0.68,0.0007520491803278689
Chengdu,0.69,0.0006475409836065573
Chengdu,0.7,0.0006209016393442623
Chengdu,0.71,0.0006509562841530054
Chengdu,0.72,0.0005983606557377048
Chengdu,0.73,0.0005136612021857923
Chengdu,0.74,0.0004924863387978141
Chengdu,0.75,0.0005020491803278688
Chengdu,0.76,0.0004521857923497267
Chengdu,0.77,0.000383879781420765
Chengdu,0.78,0.0003989071038251366
Chengdu,0.79,0.000389344262295082
Chengdu,0.8,0.0003435792349726775
Chengdu,0.81,0.00036816939890710386
Chengdu,0.82,0.00033538251366120207
Chengdu,0.83,0.0003005464480874317
Chengdu,0.84,0.0002848360655737705
Chengdu,0.85,0.0002814207650273224
Chengdu,0.86,0.00026844262295081965
Chengdu,0.87,0.00026775956284153
Chengdu,0.88,0.00023633879781420766
Chengdu,0.89,0.0002233606557377049
Chengdu,0.9,0.00019262295081967217
Chengdu,0.91,0.0001864754098360656
Chengdu,0.92,0.0001816939890710383
Chengdu,0.93,0.0001653005464480874
Chengdu,0.94,0.0001489071038251366
Chengdu,0.95,0.00013456284153005461
Chengdu,0.96,0.00013524590163934422
Chengdu,0.97,0.00011748633879781419
Chengdu,0.98,0.00010587431693989072
Chengdu,0.99,9.494535519125685e-05
Chengdu,1.0,0.0
Dalian,0.0,0.8106027195883867
Dalian,0.01,0.7923410510841602
Dalian,0.02,0.774039875045939
Dalian,0.03,0.7497748989342152
Dalian,0.04,0.7329299889746417
Dalian,0.05,0.7111934950385889
Dalian,0.06,0.6871931275266447
Dalian,0.07,0.6407772877618523
Dalian,0.08,0.6215178243292907
Dalian,0.09,0.5609941198088938
Dalian,0.1,0.5449816244027931
Dalian,0.11,0.4905108416023521
Dalian,0.12,0.46744671076810007
Dalian,0.13,0.3951681367144432
Dalian,0.14,0.36576350606394703
Dalian,0.15,0.30784729878721057
Dalian,0.16,0.24777839029768467
Dalian,0.17,0.22638092613009925
Dalian,0.18,0.1980402425578831
Dalian,0.19,0.17159408305769935
Dalian,0.2,0.1498144064682102
Dalian,0.21,0.13102168320470414
Dalian,0.22,0.11401139287026832
Dalian,0.23,0.09358232267548695
Dalian,0.24,0.09096288129364205
Dalian,0.25,0.07388735758912164
Dalian,0.26,0.06913542815141493
Dalian,0.27,0.05451212789415657
Dalian,0.28,0.046183388460124965
Dalian,0.29,0.039945791988239616
Dalian,0.3,0.032458654906284454
Dalian,0.31,0.025492466005145164
Dalian,0.32,0.02532065417126056
Dalian,0.33,0.02311282616685042
Dalian,0.34,0.01875597206909225
Dalian,0.35,0.015256339581036385
Dalian,0.36,0.014214443219404627
Dalian,0.37,0.013269937522969497
Dalian,0.38,0.010912348401323043
Dalian,0.39,0.00934215361999265
Dalian,0.4,0.00994487320837927
Dalian,0.41,0.007552370452039691
Dalian,0.42,0.007188533627342887
Dalian,0.43,0.00539875045938993
Dalian,0.44,0.00513965453877251
Dalian,0.45,0.004465270121278942
Dalian,0.46,0.004331128261668504
Dalian,0.47,0.0036861447997059904
Dalian,0.48,0.0033774347666299157
Dalian,0.49,0.003060455714810732
Dalian,0.5,0.003122013965453877
Dalian,0.51,0.002616685042263874
Dalian,0.52,0.0024457919882396174
Dalian,0.53,0.002172914369717016
Dalian,0.54,0.0018761484748254314
Dalian,0.55,0.00198180815876516
Dalian,0.56,0.0018320470415288496
Dalian,0.57,0.0015472252848217568
Dalian,0.58,0.0015977581771407575
Dalian,0.59,0.0014709665564130833
Dalian,0.6,0.0012256523337008454
Dalian,0.61,0.0012440279309077543
Dalian,0.62,0.0011907386990077178
Dalian,0.63,0.0010510841602352074
Dalian,0.64,0.001173281881661154
Dalian,0.65,0.001025358324145535
Dalian,0.66,0.0009013230429988974
Dalian,0.67,0.0008902976846747521
Dalian,0.68,0.0008213891951488422
Dalian,0.69,0.0006486585814038956
Dalian,0.7,0.0006844909959573687
Dalian,0.71,0.0006863285556780596
Dalian,0.72,0.0006403895626607864
Dalian,0.73,0.0005760749724366042
Dalian,0.74,0.0005834252113193679
Dalian,0.75,0.0005926130099228224
Dalian,0.76,0.0005834252113193679
Dalian,0.77,0.0005338110988607129
Dalian,0.78,0.0004897096655641307
Dalian,0.79,0.00046030871003307605
Dalian,0.8,0.0004125321572951121
Dalian,0.81,0.0004005880191106211
Dalian,0.82,0.0004152884968761485
Dalian,0.83,0.00038404998162440277
Dalian,0.84,0.0003656743844174935
Dalian,0.85,0.0003031973539140022
Dalian,0.86,0.0003169790518191841
Dalian,0.87,0.00029676589489158395
Dalian,0.88,0.00029584711503123846
Dalian,0.89,0.0002664461595001837
Dalian,0.9,0.00024623300257258353
Dalian,0.91,0.00022510106578463798
Dalian,0.92,0.00022142594634325612
Dalian,0.93,0.00021591326718118335
Dalian,0.94,0.00019202499081220136
Dalian,0.95,0.00018559353178978317
Dalian,0.96,0.00016721793458287392
Dalian,0.97,0.00015251745681734655
Dalian,0.98,0.00013965453877251007
Dalian,0.99,0.0001221977214259463
Dalian,1.0,0.0
Dongguan,0.0,0.8351172579675286
Dongguan,0.01,0.8208689116055321
Dongguan,0.02,0.8043746241731808
Dongguan,0.03,0.7892889356584486
Dongguan,0.04,0.7733944678292242
Dongguan,0.05,0.756247745039086
Dongguan,0.06,0.7406449188214073
Dongguan,0.07,0.7186800962116655
Dongguan,0.08,0.700608839446783
Dongguan,0.09,0.683767288033674
Dongguan,0.1,0.6578532772098619
Dongguan,0.11,0.6273917618761276
Dongguan,0.12,0.6092754058929644
Dongguan,0.13,0.5694422730006012
Dongguan,0.14,0.5524158147925436
Dongguan,0.15,0.5008959711365003
Dongguan,0.16,0.47662958508719183
Dongguan,0.17,0.4426488274203247
Dongguan,0.18,0.4023165965123271
Dongguan,0.19,0.37257967528562835
Dongguan,0.2,0.33315093205051105
Dongguan,0.21,0.27742784125075165
Dongguan,0.22,0.2575841852074564
Dongguan,0.23,0.20491731809981956
Dongguan,0.24,0.1667077570655442
Dongguan,0.25,0.168970234515935
Dongguan,0.26,0.12062086590499096
Dongguan,0.27,0.09373421527360193
Dongguan,0.28,0.08034275405892964
Dongguan,0.29,0.06589597113650031
Dongguan,0.3,0.05569152134696333
Dongguan,0.31,0.038684606133493685
Dongguan,0.32,0.03493084786530366
Dongguan,0.33,0.03286229705351773
Dongguan,0.34,0.022291040288634992
Dongguan,0.35,0.026402585688514734
Dongguan,0.36,0.019703848466626574
Dongguan,0.37,0.013042693926638604
Dongguan,0.38,0.013953698135898982
Dongguan,0.39,0.012722489476849067
Dongguan,0.4,0.010879434756464221
Dongguan,0.41,0.009561034275405892
Dongguan,0.42,0.009269392663860492
Dongguan,0.43,0.007800661455201444
Dongguan,0.44,0.007758568851473242
Dongguan,0.45,0.006145520144317499
Dongguan,0.46,0.005141310883944679
Dongguan,0.47,0.004724894768490679
Dongguan,0.48,0.004715874924834636
Dongguan,0.49,0.0044903788334335545
Dongguan,0.5,0.0036981358989777507
Dongguan,0.51,0.0038334335538184007
Dongguan,0.52,0.0030156343956704757
Dongguan,0.53,0.003268190018039687
Dongguan,0.54,0.00273752254960914
Dongguan,0.55,0.0027465423932651833
Dongguan,0.56,0.002549609140108238
Dongguan,0.57,0.002285027059530968
Dongguan,0.58,0.0022925435959110048
Dongguan,0.59,0.0020565243535778715
Dongguan,0.6,0.0018956704750450995
Dongguan,0.61,0.0019287432351172578
Dongguan,0.62,0.0017648827420324714
Dongguan,0.63,0.0014687312086590497
Dongguan,0.64,0.0014762477450390862
Dongguan,0.65,0.0014055923030667468
Dongguan,0.66,0.0013514732411304873
Dongguan,0.67,0.0014717378232110643
Dongguan,0.68,0.0012657847263980759
Dongguan,0.69,0.0011034275405892966
Dongguan,0.7,0.0011455201443174984
Dongguan,0.71,0.0010853878532772101
Dongguan,0.72,0.0010387853277209866
Dongguan,0.73,0.0009305472038484665
Dongguan,0.74,0.0009200240529164159
Dongguan,0.75,0.0008764281419122068
Dongguan,0.76,0.0007666867107636803
Dongguan,0.77,0.0007531569452796153
Dongguan,0.78,0.0007426337943475646
Dongguan,0.79,0.0006840048105832832
Dongguan,0.8,0.0006043295249549008
Dongguan,0.81,0.0005968129885748646
Dongguan,0.82,0.000592303066746843
Dongguan,0.83,0.0005472038484666264
Dongguan,0.84,0.000515634395670475
Dongguan,0.85,0.0005111244738424534
Dongguan,0.86,0.00048556825015033087
Dongguan,0.87,0.00046151533373421535
Dongguan,0.88,0.00047955502104630196
Dongguan,0.89,0.0003983764281419122
Dongguan,0.9,0.0003728202044497895
Dongguan,0.91,0.00035628382441371014
Dongguan,0.92,0.0003367408298256163
Dongguan,0.93,0.0003427540589296452
Dongguan,0.94,0.0002856283824413711
Dongguan,0.95,0.000285628382441371
Dongguan,0.96,0.0002495490078171978
Dongguan,0.97,0.0002420324714371617
Dongguan,0.98,0.00021196632591701745
Dongguan,0.99,0.00017739025856885153
Dongguan,1.0,0.0
Harbin,0.0,0.8127388831919455
Harbin,0.01,0.7880616668220379
Harbin,0.02,0.7604083154656476
Harbin,0.03,0.7397478325720146
Harbin,0.04,0.6989978558776916
Harbin,0.05,0.6718141139181505
Harbin,0.06,0.6353547124079426
Harbin,0.07,0.6131269227183743
Harbin,0.08,0.5888097790621796
Harbin,0.09,0.5686037568751748
Harbin,0.1,0.5361657499766943
Harbin,0.11,0.5159702153444579
Harbin,0.12,0.48893796028712594
Harbin,0.13,0.46848373263727056
Harbin,0.14,0.45184697492309134
Harbin,0.15,0.42331150368229703
Harbin,0.16,0.4035424629439731
Harbin,0.17,0.38770975109536676
Harbin,0.18,0.36885079705416246
Harbin,0.19,0.3429931481308847
Harbin,0.2,0.3189078959634567
Harbin,0.21,0.2993672508623101
Harbin,0.22,0.27422858208259526
Harbin,0.23,0.254924489605668
Harbin,0.24,0.22980213480003725
Harbin,0.25,0.19542626083713993
Harbin,0.26,0.18130884683508902
Harbin,0.27,0.15422648457164162
Harbin,0.28,0.1442120350517386
Harbin,0.29,0.1156544234175445
Harbin,0.3,0.0970926167614431
Harbin,0.31,0.07102754731052484
Harbin,0.32,0.05390370094154936
Harbin,0.33,0.04528875734128834
Harbin,0.34,0.034486575929896526
Harbin,0.35,0.02768248345296915
Harbin,0.36,0.02439871352661509
Harbin,0.37,0.020944812156241256
Harbin,0.38,0.01614151207234082
Harbin,0.39,0.015288524284515706
Harbin,0.4,0.013850563997389764
Harbin,0.41,0.010865106740001865
Harbin,0.42,0.00968933532208446
Harbin,0.43,0.008328283769926354
Harbin,0.44,0.008041623939591685
Harbin,0.45,0.008891115875827351
Harbin,0.46,0.006335648363941457
Harbin,0.47,0.005588701407662907
Harbin,0.48,0.006417218234361892
Harbin,0.49,0.005445371492495571
Harbin,0.5,0.003974783257201454
Harbin,0.51,0.0033408688356483633
Harbin,0.52,0.003086836953481868
Harbin,0.53,0.0027850284329262605
Harbin,0.54,0.002750069917031789
Harbin,0.55,0.0024529225319287777
Harbin,0.56,0.0024261210030763498
Harbin,0.57,0.0021417917404679783
Harbin,0.58,0.002196560082035984
Harbin,0.59,0.0019506851869115316
Harbin,0.6,0.0017083061433765267
Harbin,0.61,0.0015952736086510676
Harbin,0.62,0.0015358441316304654
Harbin,0.63,0.0013762002423790437
Harbin,0.64,0.0015661415120723408
Harbin,0.65,0.0013412417264845717
Harbin,0.66,0.0012014076629066838
Harbin,0.67,0.0011536310245175722
Harbin,0.68,0.0010394332059289642
Harbin,0.69,0.0010627388831919455
Harbin,0.7,0.0009252353873403561
Harbin,0.71,0.0009264006712035051
Harbin,0.72,0.0008343432460147293
Harbin,0.73,0.0009042602778036731
Harbin,0.74,0.0007329635499207606
Harbin,0.75,0.0006572200988160715
Harbin,0.76,0.0006420714085951337
Harbin,0.77,0.0006176004474690033
Harbin,0.78,0.0005873030670271277
Harbin,0.79,0.0005290388738696746
Harbin,0.8,0.0005453528479537615
Harbin,0.81,0.0005406917125011653
Harbin,0.82,0.0004707746807122215
Harbin,0.83,0.00043814673254404776
Harbin,0.84,0.00040085764892327776
Harbin,0.85,0.00041833690687051363
Harbin,0.86,0.0003938659457443833
Harbin,0.87,0.00035191572667101704
Harbin,0.88,0.0003449240234921226
Harbin,0.89,0.00032511419781858854
Harbin,0.9,0.00031346135918709794
Harbin,0.91,0.0003064696560082035
Harbin,0.92,0.00026801528852428446
Harbin,0.93,0.0002610235853453901
Harbin,0.94,0.00024820546285075044
Harbin,0.95,0.0002295609210403654
Harbin,0.96,0.0002097510953668314
Harbin,0.97,0.00019809825673534074
Harbin,0.98,0.00017712314719865756
Harbin,0.99,0.00015498275379882538
Harbin,1.0,0.0
Qingdao,0.0,0.8506549589750971
Qingdao,0.01,0.8333066431553189
Qingdao,0.02,0.814534151432273
Qingdao,0.03,0.7963284511299842
Qingdao,0.04,0.7769765726212753
Qingdao,0.05,0.7557686771268173
Qingdao,0.06,0.7294722542104506
Qingdao,0.07,0.7077704404779042
Qingdao,0.08,0.69123722470131
Qingdao,0.09,0.6479550525406651
Qingdao,0.1,0.6292014538649775
Qingdao,0.11,0.5879021520080611
Qingdao,0.12,0.5755928818194904
Qingdao,0.13,0.5362233697999137
Qingdao,0.14,0.5055068734705628
Qingdao,0.15,0.4788685763638981
Qingdao,0.16,0.43995429681877074
Qingdao,0.17,0.3996545271340146
Qingdao,0.18,0.37489293939830143
Qingdao,0.19,0.34578325176335095
Qingdao,0.2,0.26694796314956093
Qingdao,0.21,0.2726167770260544
Qingdao,0.22,0.2209550885274219
Qingdao,0.23,0.19420793148121487
Qingdao,0.24,0.19302936519360875
Qingdao,0.25,0.1447945156182525
Qingdao,0.26,0.12972146250179933
Qingdao,0.27,0.08155408809558083
Qingdao,0.28,0.08974107528429538
Qingdao,0.29,0.06415719015402331
Qingdao,0.3,0.04916150856484815
Qingdao,0.31,0.0438750539801353
Qingdao,0.32,0.03548024327047646
Qingdao,0.33,0.02572963149560962
Qingdao,0.34,0.021589355117316824
Qingdao,0.35,0.018313660572909167
Qingdao,0.36,0.017442781056571183
Qingdao,0.37,0.013789225564992083
Qingdao,0.38,0.013364581833885131
Qingdao,0.39,0.0105153303584281
Qingdao,0.4,0.008276054411976392
Qingdao,0.41,0.007714661004750252
Qingdao,0.42,0.006274291060889593
Qingdao,0.43,0.006490211602130415
Qingdao,0.44,0.005196487692529149
Qingdao,0.45,0.005274758888728947
Qingdao,0.46,0.00449024758888729
Qingdao,0.47,0.0039414495465668635
Qingdao,0.48,0.003576183964301137
Qingdao,0.49,0.0032675975241111275
Qingdao,0.5,0.002876241543112135
Qingdao,0.51,0.002792572333381315
Qingdao,0.52,0.0024920829134878367
Qingdao,0.53,0.0022329782639988484
Qingdao,0.54,0.002203289189578235
Qingdao,0.55,0.002095328918957823
Qingdao,0.56,0.0019027997696847564
Qingdao,0.57,0.0016050093565567868
Qingdao,0.58,0.0016391967755865846
Qingdao,0.59,0.0016050093565567873
Qingdao,0.6,0.001288325896070246
Qingdao,0.61,0.001427774578954945
Qingdao,0.62,0.0012496401324312654
Qingdao,0.63,0.0011794659565279974
Qingdao,0.64,0.0010939974089535052
Qingdao,0.65,0.001075104361594933
Qingdao,0.66,0.000983338131567583
Qingdao,0.67,0.0008960702461494172
Qingdao,0.68,0.0008321937526990068
Qingdao,0.69,0.0007476248740463508
Qingdao,0.7,0.0007755146106232906
Qingdao,0.71,0.0007557218943428817
Qingdao,0.72,0.0006576579818626745
Qingdao,0.73,0.0006567583129408378
Qingdao,0.74,0.000621671224989204
Qingdao,0.75,0.0005505973801640995
Qingdao,0.76,0.0005083129408377715
Qingdao,0.77,0.0005020152583849145
Qingdao,0.78,0.00048492154887001587
Qingdao,0.79,0.0004444364473873615
Qingdao,0.8,0.00042914207571613657
Qingdao,0.81,0.00042194472434144246
Qingdao,0.82,0.0003877573053116454
Qingdao,0.83,0.000396753994530013
Qingdao,0.84,0.0003571685619691954
Qingdao,0.85,0.0003526702173600116
Qingdao,0.86,0.0003157837915647042
Qingdao,0.87,0.00028159637253490717
Qingdao,0.88,0.00026180365625449835
Qingdao,0.89,0.0002537066359579674
Qingdao,0.9,0.00026540233194184535
Qingdao,0.91,0.00023121491291204832
Qingdao,0.92,0.0002150208723189866
Qingdao,0.93,0.00021322153447531309
Qingdao,0.94,0.00018533179789837335
Qingdao,0.95,0.00017363610191449541
Qingdao,0.96,0.00017003742622714838
Qingdao,0.97,0.00014754570318122927
Qingdao,0.98,0.00013854901396286167
Qingdao,0.99,0.00011425795307326908
Qingdao,1.0,0.0
Quanzhou,0.0,0.8226375176304652
Quanzhou,0.01,0.8036164492242598
Quanzhou,0.02,0.786118212270804
Quanzhou,0.03,0.7633418547249647
Quanzhou,0.04,0.7448607193229901
Quanzhou,0.05,0.7140580923836388
Quanzhou,0.06,0.6858978314527504
Quanzhou,0.07,0.6576406029619182
Quanzhou,0.08,0.6365567700987306
Quanzhou,0.09,0.6032219675599436
Quanzhou,0.1,0.586089562764457
Quanzhou,0.11,0.5568913081805359
Quanzhou,0.12,0.5338703279266573
Quanzhou,0.13,0.5221901445698166
Quanzhou,0.14,0.479724964739069
Quanzhou,0.15,0.4669891572637518
Quanzhou,0.16,0.4441356664315938
Quanzhou,0.17,0.399473289844852
Quanzhou,0.18,0.39436045486600846
Quanzhou,0.19,0.364465796897038
Quanzhou,0.2,0.34404090267983073
Quanzhou,0.21,0.3176657263751763
Quanzhou,0.22,0.2866294957686883
Quanzhou,0.23,0.2600008815232723
Quanzhou,0.24,0.22789360014104373
Quanzhou,0.25,0.19656426304654445
Quanzhou,0.26,0.17698122355430185
Quanzhou,0.27,0.1382382757404795
Quanzhou,0.28,0.14175775740479546
Quanzhou,0.29,0.09989862482369534
Quanzhou,0.3,0.08801789492242595
Quanzhou,0.31,0.06844367066290549
Quanzhou,0.32,0.05449797249647391
Quanzhou,0.33,0.049678244005641754
Quanzhou,0.34,0.050621473906911144
Quanzhou,0.35,0.03798704160789846
Quanzhou,0.36,0.029872619887165025
Quanzhou,0.37,0.028459978843441463
Quanzhou,0.38,0.020845821579689706
Quanzhou,0.39,0.01705086389280677
Quanzhou,0.4,0.017434326516220032
Quanzhou,0.41,0.015836565585331454
Quanzhou,0.42,0.013258110014104377
Quanzhou,0.43,0.01089342383638928
Quanzhou,0.44,0.010549629760225668
Quanzhou,0.45,0.009306681946403387
Quanzhou,0.46,0.008151886459802539
Quanzhou,0.47,0.009253790550070518
Quanzhou,0.48,0.006840620592383639
Quanzhou,0.49,0.006961830042313116
Quanzhou,0.5,0.005983339210155149
Quanzhou,0.51,0.005707863187588152
Quanzhou,0.52,0.005690232722143867
Quanzhou,0.53,0.0047646332863187585
Quanzhou,0.54,0.004579513399153738
Quanzhou,0.55,0.004063822284908321
Quanzhou,0.56,0.003594411142454161
Quanzhou,0.57,0.0035062588152327224
Quanzhou,0.58,0.003050070521861778
Quanzhou,0.59,0.0029531029619181953
Quanzhou,0.6,0.0030015867418899866
Quanzhou,0.61,0.0028340973201692525
Quanzhou,0.62,0.0026489774330042317
Quanzhou,0.63,0.002728314527503527
Quanzhou,0.64,0.0023029795486600845
Quanzhou,0.65,0.0019900387870239768
Quanzhou,0.66,0.002095821579689704
Quanzhou,0.67,0.001688117066290551
Quanzhou,0.68,0.0017983074753173483
Quanzhou,0.69,0.0016484485190409032
Quanzhou,0.7,0.0015118124118476731
Quanzhou,0.71,0.001525035260930889
Quanzhou,0.72,0.0014765514809590974
Quanzhou,0.73,0.0013531382228490836
Quanzhou,0.74,0.0012693935119887164
Quanzhou,0.75,0.001247355430183357
Quanzhou,0.76,0.0011834449929478135
Quanzhou,0.77,0.0011173307475317348
Quanzhou,0.78,0.0010181593794076165
Quanzhou,0.79,0.000982898448519041
Quanzhou,0.8,0.0009366184767277856
Quanzhou,0.81,0.0009432299012693934
Quanzhou,0.82,0.0008065937940761637
Quanzhou,0.83,0.000791167136812412
Quanzhou,0.84,0.0007294605077574048
Quanzhou,0.85,0.0007537023977433005
Quanzhou,0.86,0.0006897919605077576
Quanzhou,0.87,0.000647919605077574
Quanzhou,0.88,0.0005950282087447109
Quanzhou,0.89,0.0005972320169252467
Quanzhou,0.9,0.0005531558533145274
Quanzhou,0.91,0.0005245063469675598
Quanzhou,0.92,0.0004627997179125529
Quanzhou,0.93,0.0004980606488011283
Quanzhou,0.94,0.0004319464033850495
Quanzhou,0.95,0.000401093088857546
Quanzhou,0.96,0.0003812588152327223
Quanzhou,0.97,0.0003526093088857547
Quanzhou,0.98,0.0003151445698166433
Quanzhou,0.99,0.00027547602256699583
Quanzhou,1.0,0.0
Shenyang,0.0,0.9121538461538459
Shenyang,0.01,0.8949990384615383
Shenyang,0.02,0.8783125
Shenyang,0.03,0.862473076923077
Shenyang,0.04,0.8423567307692309
Shenyang,0.05,0.8267913461538461
Shenyang,0.06,0.8078509615384615
Shenyang,0.07,0.7900365384615387
Shenyang,0.08,0.7722211538461539
Shenyang,0.09,0.7485375000000001
Shenyang,0.1,0.7287096153846153
Shenyang,0.11,0.7119182692307693
Shenyang,0.12,0.6900461538461539
Shenyang,0.13,0.6678471153846154
Shenyang,0.14,0.644875
Shenyang,0.15,0.6213442307692308
Shenyang,0.16,0.5992288461538461
Shenyang,0.17,0.5711471153846154
Shenyang,0.18,0.5518875000000001
Shenyang,0.19,0.5222798076923076
Shenyang,0.2,0.5017038461538463
Shenyang,0.21,0.4640961538461538
Shenyang,0.22,0.4282990384615384
Shenyang,0.23,0.4036346153846154
Shenyang,0.24,0.3678336538461538
Shenyang,0.25,0.33677980769230764
Shenyang,0.26,0.29749903846153847
Shenyang,0.27,0.25710865384615383
Shenyang,0.28,0.21408750000000004
Shenyang,0.29,0.18029807692307692
Shenyang,0.3,0.15148750000000002
Shenyang,0.31,0.1190048076923077
Shenyang,0.32,0.09634807692307693
Shenyang,0.33,0.07152307692307691
Shenyang,0.34,0.059542307692307686
Shenyang,0.35,0.04902596153846154
Shenyang,0.36,0.03550192307692307
Shenyang,0.37,0.02983557692307693
Shenyang,0.38,0.025998076923076922
Shenyang,0.39,0.020200000000000003
Shenyang,0.4,0.014357692307692307
Shenyang,0.41,0.013963461538461541
Shenyang,0.42,0.011228846153846155
Shenyang,0.43,0.008970192307692307
Shenyang,0.44,0.008107692307692307
Shenyang,0.45,0.00788846153846154
Shenyang,0.46,0.006540384615384616
Shenyang,0.47,0.005261538461538461
Shenyang,0.48,0.004933653846153846
Shenyang,0.49,0.004476923076923078
Shenyang,0.5,0.003950961538461538
Shenyang,0.51,0.003826923076923077
Shenyang,0.52,0.003231730769230769
Shenyang,0.53,0.0029490384615384613
Shenyang,0.54,0.0028836538461538457
Shenyang,0.55,0.0025192307692307697
Shenyang,0.56,0.002393269230769231
Shenyang,0.57,0.0022788461538461534
Shenyang,0.58,0.0020490384615384615
Shenyang,0.59,0.0017932692307692307
Shenyang,0.6,0.0017384615384615383
Shenyang,0.61,0.0014557692307692308
Shenyang,0.62,0.0014048076923076926
Shenyang,0.63,0.001266346153846154
Shenyang,0.64,0.0011807692307692307
Shenyang,0.65,0.001130769230769231
Shenyang,0.66,0.0010894230769230768
Shenyang,0.67,0.0010644230769230767
Shenyang,0.68,0.0009653846153846153
Shenyang,0.69,0.0008326923076923077
Shenyang,0.7,0.0008951923076923078
Shenyang,0.71,0.0007971153846153846
Shenyang,0.72,0.0007500000000000001
Shenyang,0.73,0.0007028846153846152
Shenyang,0.74,0.0006721153846153847
Shenyang,0.75,0.0006451923076923078
Shenyang,0.76,0.0005951923076923076
Shenyang,0.77,0.0005701923076923077
Shenyang,0.78,0.0005576923076923077
Shenyang,0.79,0.0004846153846153847
Shenyang,0.8,0.0005134615384615384
Shenyang,0.81,0.0004471153846153846
Shenyang,0.82,0.0004576923076923077
Shenyang,0.83,0.00040192307692307695
Shenyang,0.84,0.00033846153846153846
Shenyang,0.85,0.0004067307692307692
Shenyang,0.86,0.00031346153846153855
Shenyang,0.87,0.00036057692307692315
Shenyang,0.88,0.00029230769230769235
Shenyang,0.89,0.0002923076923076923
Shenyang,0.9,0.00029134615384615386
Shenyang,0.91,0.00025384615384615387
Shenyang,0.92,0.0002365384615384615
Shenyang,0.93,0.00023653846153846148
Shenyang,0.94,0.00020673076923076922
Shenyang,0.95,0.00018749999999999995
Shenyang,0.96,0.00017307692307692304
Shenyang,0.97,0.0001615384615384615
Shenyang,0.98,0.00014230769230769226
Shenyang,0.99,0.0001259615384615384
Shenyang,1.0,0.0
Zhengzhou,0.0,0.8937459070072041
Zhengzhou,0.01,0.8758813577821435
Zhengzhou,0.02,0.8561040165902641
Zhengzhou,0.03,0.8350864985810957
Zhengzhou,0.04,0.8193721349050425
Zhengzhou,0.05,0.7976656297751583
Zhengzhou,0.06,0.7788610565378739
Zhengzhou,0.07,0.7572391399257802
Zhengzhou,0.08,0.730659244706396
Zhengzhou,0.09,0.7130716546605544
Zhengzhou,0.1,0.687891562977516
Zhengzhou,0.11,0.6634918685876448
Zhengzhou,0.12,0.6452657716655752
Zhengzhou,0.13,0.6186272102161098
Zhengzhou,0.14,0.5884836826020521
Zhengzhou,0.15,0.5649626173324602
Zhengzhou,0.16,0.5297437786509496
Zhengzhou,0.17,0.4942507094520847
Zhengzhou,0.18,0.4788924361493125
Zhengzhou,0.19,0.439812540929928
Zhengzhou,0.2,0.4086498581095831
Zhengzhou,0.21,0.37375163719711846
Zhengzhou,0.22,0.35540547915302334
Zhengzhou,0.23,0.2901017790875355
Zhengzhou,0.24,0.27071872953503595
Zhengzhou,0.25,0.23541393800480243
Zhengzhou,0.26,0.214566961362148
Zhengzhou,0.27,0.16516999563414106
Zhengzhou,0.28,0.14997680637415411
Zhengzhou,0.29,0.10879174852652258
Zhengzhou,0.3,0.09732864003492685
Zhengzhou,0.31,0.07962098886705961
Zhengzhou,0.32,0.05647511460379828
Zhengzhou,0.33,0.044189314560139706
Zhengzhou,0.34,0.040329622353197994
Zhengzhou,0.35,0.029985265225933207
Zhengzhou,0.36,0.02752128356254092
Zhengzhou,0.37,0.02142954595066579
Zhengzhou,0.38,0.017628519973804848
Zhengzhou,0.39,0.015868533071381797
Zhengzhou,0.4,0.01373744815542458
Zhengzhou,0.41,0.01095694171578258
Zhengzhou,0.42,0.010700447500545735
Zhengzhou,0.43,0.010091955904824274
Zhengzhou,0.44,0.007928127046496399
Zhengzhou,0.45,0.007876282471076185
Zhengzhou,0.46,0.006446463654223968
Zhengzhou,0.47,0.00566879502292076
Zhengzhou,0.48,0.005728825583933639
Zhengzhou,0.49,0.005146256275922288
Zhengzhou,0.5,0.0045213927090155
Zhengzhou,0.51,0.004151659026413447
Zhengzhou,0.52,0.0034735865531543334
Zhengzhou,0.53,0.003318052826893691
Zhengzhou,0.54,0.00308611656843484
Zhengzhou,0.55,0.003000163719711853
Zhengzhou,0.56,0.0028951102379393143
Zhengzhou,0.57,0.0026672669722767957
Zhengzhou,0.58,0.0024762606417812706
Zhengzhou,0.59,0.00207787600960489
Zhengzhou,0.6,0.002188386815105872
Zhengzhou,0.61,0.0019005129884304736
Zhengzhou,0.62,0.0018309321108928183
Zhengzhou,0.63,0.0016276468020082954
Zhengzhou,0.64,0.0015307793058284215
Zhengzhou,0.65,0.0015457869460816418
Zhengzhou,0.66,0.001388888888888889
Zhengzhou,0.67,0.0012278978388998035
Zhengzhou,0.68,0.001182874918140144
Zhengzhou,0.69,0.0012047042130539187
Zhengzhou,0.7,0.0010628137961143855
Zhengzhou,0.71,0.0009727679545950667
Zhengzhou,0.72,0.0010396201702685
Zhengzhou,0.73,0.000904551407989522
Zhengzhou,0.74,0.0008104125736738703
Zhengzhou,0.75,0.0008349705304518664
Zhengzhou,0.76,0.0007885832787600959
Zhengzhou,0.77,0.0007353743724077712
Zhengzhou,0.78,0.0006835297969875573
Zhengzhou,0.79,0.0006385068762278978
Zhengzhou,0.8,0.0006657934948701156
Zhengzhou,0.81,0.0006275922287710108
Zhengzhou,0.82,0.0005484610347085791
Zhengzhou,0.83,0.0004747871643745907
Zhengzhou,0.84,0.0005007094520846978
Zhengzhou,0.85,0.00048297314996725605
Zhengzhou,0.86,0.0004406788910718185
Zhengzhou,0.87,0.00041475660336171146
Zhengzhou,0.88,0.00042567125081859866
Zhengzhou,0.89,0.00038746998471949365
Zhengzhou,0.9,0.0003479043876882778
Zhengzhou,0.91,0.0003288037546387252
Zhengzhou,0.92,0.00031379611438550544
Zhengzhou,0.93,0.00028923815760750944
Zhengzhou,0.94,0.00029605981226806384
Zhengzhou,0.95,0.00026195153896529146
Zhengzhou,0.96,0.00023602925125518448
Zhengzhou,0.97,0.00022102161100196464
Zhengzhou,0.98,0.00020464963981663397
Zhengzhou,0.99,0.0001541693953285309
Zhengzhou,1.0,0.0
