City,Strategy,q,Q_bc_Teammate
Chengdu,CI_Radius2,0.0,0.8826229508196721
Chengdu,CI_Radius2,0.01,0.8668989071038251
Chengdu,CI_Radius2,0.02,0.8532650273224044
Chengdu,CI_Radius2,0.03,0.8350409836065573
Chengdu,CI_Radius2,0.04,0.820860655737705
Chengdu,CI_Radius2,0.05,0.8003825136612022
Chengdu,CI_Radius2,0.06,0.7789890710382513
Chengdu,CI_Radius2,0.07,0.7578005464480875
Chengdu,CI_Radius2,0.08,0.7367349726775957
Chengdu,CI_Radius2,0.09,0.7130464480874317
Chengdu,CI_Radius2,0.1,0.6821857923497268
Chengdu,CI_Radius2,0.11,0.6473907103825136
Chengdu,CI_Radius2,0.12,0.6073087431693989
Chengdu,CI_Radius2,0.13,0.5580191256830601
Chengdu,CI_Radius2,0.14,0.49920765027322406
Chengdu,CI_Radius2,0.15,0.4319945355191257
Chengdu,CI_Radius2,0.16,0.39581967213114755
Chengdu,CI_Radius2,0.17,0.3548087431693989
Chengdu,CI_Radius2,0.18,0.32065573770491806
Chengdu,CI_Radius2,0.19,0.2590573770491803
Chengdu,CI_Radius2,0.2,0.24558743169398906
Chengdu,CI_Radius2,0.21,0.123224043715847
Chengdu,CI_Radius2,0.22,0.12265027322404372
Chengdu,CI_Radius2,0.23,0.0983879781420765
Chengdu,CI_Radius2,0.24,0.09275956284153004
Chengdu,CI_Radius2,0.25,0.09254098360655737
Chengdu,CI_Radius2,0.26,0.07863387978142077
Chengdu,CI_Radius2,0.27,0.06898907103825136
Chengdu,CI_Radius2,0.28,0.06898907103825136
Chengdu,CI_Radius2,0.29,0.0660655737704918
Chengdu,CI_Radius2,0.3,0.048770491803278686
Chengdu,CI_Radius2,0.31,0.048688524590163935
Chengdu,CI_Radius2,0.32,0.04849726775956284
Chengdu,CI_Radius2,0.33,0.04836065573770491
Chengdu,CI_Radius2,0.34,0.048251366120218575
Chengdu,CI_Radius2,0.35000000000000003,0.032131147540983604
Chengdu,CI_Radius2,0.36,0.032131147540983604
Chengdu,CI_Radius2,0.37,0.03210382513661202
Chengdu,CI_Radius2,0.38,0.03169398907103825
Chengdu,CI_Radius2,0.39,0.030737704918032786
Chengdu,CI_Radius2,0.4,0.030601092896174863
Chengdu,CI_Radius2,0.41000000000000003,0.03057377049180328
Chengdu,CI_Radius2,0.42,0.030355191256830602
Chengdu,CI_Radius2,0.43,0.030355191256830602
Chengdu,CI_Radius2,0.44,0.030300546448087433
Chengdu,CI_Radius2,0.45,0.027868852459016394
Chengdu,CI_Radius2,0.46,0.023142076502732242
Chengdu,CI_Radius2,0.47000000000000003,0.022568306010928962
Chengdu,CI_Radius2,0.48,0.022568306010928962
Chengdu,CI_Radius2,0.49,0.022540983606557378
Chengdu,CI_Radius2,0.5,0.01581967213114754
Chengdu,CI_Radius2,0.51,0.0153551912568306
Chengdu,CI_Radius2,0.52,0.015
Chengdu,CI_Radius2,0.53,0.014972677595628415
Chengdu,CI_Radius2,0.54,0.01437158469945355
Chengdu,CI_Radius2,0.55,0.014344262295081966
Chengdu,CI_Radius2,0.56,0.014289617486338797
Chengdu,CI_Radius2,0.5700000000000001,0.01407103825136612
Chengdu,CI_Radius2,0.58,0.01243169398907104
Chengdu,CI_Radius2,0.59,0.012404371584699455
Chengdu,CI_Radius2,0.6,0.010601092896174863
Chengdu,CI_Radius2,0.61,0.008797814207650273
Chengdu,CI_Radius2,0.62,0.008797814207650273
Chengdu,CI_Radius2,0.63,0.008688524590163935
Chengdu,CI_Radius2,0.64,0.008579234972677596
Chengdu,CI_Radius2,0.65,0.008579234972677596
Chengdu,CI_Radius2,0.66,0.007978142076502732
Chengdu,CI_Radius2,0.67,0.005765027322404371
Chengdu,CI_Radius2,0.68,0.005765027322404371
Chengdu,CI_Radius2,0.6900000000000001,0.005765027322404371
Chengdu,CI_Radius2,0.7000000000000001,0.0029098360655737702
Chengdu,CI_Radius2,0.71,0.001598360655737705
Chengdu,CI_Radius2,0.72,0.001598360655737705
Chengdu,CI_Radius2,0.73,0.001598360655737705
Chengdu,CI_Radius2,0.74,0.0013524590163934427
Chengdu,CI_Radius2,0.75,0.0013524590163934427
Chengdu,CI_Radius2,0.76,0.0013524590163934427
Chengdu,CI_Radius2,0.77,0.0013524590163934427
Chengdu,CI_Radius2,0.78,0.0013524590163934427
Chengdu,CI_Radius2,0.79,0.0006147540983606557
Chengdu,CI_Radius2,0.8,0.0006147540983606557
Chengdu,CI_Radius2,0.81,0.0006147540983606557
Chengdu,CI_Radius2,0.8200000000000001,0.0006147540983606557
Chengdu,CI_Radius2,0.8300000000000001,0.0006147540983606557
Chengdu,CI_Radius2,0.84,0.0006147540983606557
Chengdu,CI_Radius2,0.85,0.0005054644808743169
Chengdu,CI_Radius2,0.86,0.00031420765027322404
Chengdu,CI_Radius2,0.87,0.00020491803278688525
Chengdu,CI_Radius2,0.88,0.00020491803278688525
Chengdu,CI_Radius2,0.89,0.00020491803278688525
Chengdu,CI_Radius2,0.9,0.00020491803278688525
Chengdu,CI_Radius2,0.91,0.00020491803278688525
Chengdu,CI_Radius2,0.92,0.0002459016393442623
Chengdu,CI_Radius2,0.93,0.00020491803278688525
Chengdu,CI_Radius2,0.9400000000000001,0.00020491803278688525
Chengdu,CI_Radius2,0.9500000000000001,0.00020491803278688525
Chengdu,CI_Radius2,0.96,0.00020491803278688525
Chengdu,CI_Radius2,0.97,0.00020491803278688525
Chengdu,CI_Radius2,0.98,0.00020491803278688525
Chengdu,CI_Radius2,0.99,0.00020491803278688525
Chengdu,CI_Radius2,1.0,0.0
Chengdu,CoreHD,0.0,0.8826229508196721
Chengdu,CoreHD,0.01,0.8576639344262296
Chengdu,CoreHD,0.02,0.8021174863387978
Chengdu,CoreHD,0.03,0.7567896174863388
Chengdu,CoreHD,0.04,0.7106967213114754
Chengdu,CoreHD,0.05,0.6775819672131147
Chengdu,CoreHD,0.06,0.6498497267759562
Chengdu,CoreHD,0.07,0.603811475409836
Chengdu,CoreHD,0.08,0.57224043715847
Chengdu,CoreHD,0.09,0.5331147540983607
Chengdu,CoreHD,0.1,0.493688524590164
Chengdu,CoreHD,0.11,0.45737704918032784
Chengdu,CoreHD,0.12,0.3950273224043716
Chengdu,CoreHD,0.13,0.32103825136612024
Chengdu,CoreHD,0.14,0.2092349726775956
Chengdu,CoreHD,0.15,0.12939890710382512
Chengdu,CoreHD,0.16,0.03751366120218579
Chengdu,CoreHD,0.17,0.013087431693989071
Chengdu,CoreHD,0.18,0.012718579234972677
Chengdu,CoreHD,0.19,0.009467213114754099
Chengdu,CoreHD,0.2,0.009467213114754099
Chengdu,CoreHD,0.21,0.009467213114754099
Chengdu,CoreHD,0.22,0.009467213114754099
Chengdu,CoreHD,0.23,0.009467213114754099
Chengdu,CoreHD,0.24,0.009467213114754099
Chengdu,CoreHD,0.25,0.009467213114754099
Chengdu,CoreHD,0.26,0.009057377049180328
Chengdu,CoreHD,0.27,0.008620218579234973
Chengdu,CoreHD,0.28,0.008620218579234973
Chengdu,CoreHD,0.29,0.008046448087431693
Chengdu,CoreHD,0.3,0.008046448087431693
Chengdu,CoreHD,0.31,0.008046448087431693
Chengdu,CoreHD,0.32,0.008046448087431693
Chengdu,CoreHD,0.33,0.008046448087431693
Chengdu,CoreHD,0.34,0.008046448087431693
Chengdu,CoreHD,0.35000000000000003,0.007308743169398907
Chengdu,CoreHD,0.36,0.00657103825136612
Chengdu,CoreHD,0.37,0.005450819672131148
Chengdu,CoreHD,0.38,0.005450819672131148
Chengdu,CoreHD,0.39,0.005450819672131148
Chengdu,CoreHD,0.4,0.005450819672131148
Chengdu,CoreHD,0.41000000000000003,0.005450819672131148
Chengdu,CoreHD,0.42,0.005450819672131148
Chengdu,CoreHD,0.43,0.005450819672131148
Chengdu,CoreHD,0.44,0.005450819672131148
Chengdu,CoreHD,0.45,0.005450819672131148
Chengdu,CoreHD,0.46,0.005450819672131148
Chengdu,CoreHD,0.47000000000000003,0.005450819672131148
Chengdu,CoreHD,0.48,0.005450819672131148
Chengdu,CoreHD,0.49,0.005450819672131148
Chengdu,CoreHD,0.5,0.005450819672131148
Chengdu,CoreHD,0.51,0.003592896174863388
Chengdu,CoreHD,0.52,0.0033743169398907104
Chengdu,CoreHD,0.53,0.0033469945355191254
Chengdu,CoreHD,0.54,0.0033469945355191254
Chengdu,CoreHD,0.55,0.0031010928961748632
Chengdu,CoreHD,0.56,0.0031010928961748632
Chengdu,CoreHD,0.5700000000000001,0.0031010928961748632
Chengdu,CoreHD,0.58,0.0031010928961748632
Chengdu,CoreHD,0.59,0.0017622950819672133
Chengdu,CoreHD,0.6,0.0014890710382513663
Chengdu,CoreHD,0.61,0.0014890710382513663
Chengdu,CoreHD,0.62,0.0013524590163934427
Chengdu,CoreHD,0.63,0.0013524590163934427
Chengdu,CoreHD,0.64,0.0013524590163934427
Chengdu,CoreHD,0.65,0.0013524590163934427
Chengdu,CoreHD,0.66,0.0013524590163934427
Chengdu,CoreHD,0.67,0.0013524590163934427
Chengdu,CoreHD,0.68,0.0013524590163934427
Chengdu,CoreHD,0.6900000000000001,0.0013524590163934427
Chengdu,CoreHD,0.7000000000000001,0.0013524590163934427
Chengdu,CoreHD,0.71,0.0013524590163934427
Chengdu,CoreHD,0.72,0.0013524590163934427
Chengdu,CoreHD,0.73,0.0013524590163934427
Chengdu,CoreHD,0.74,0.0013524590163934427
Chengdu,CoreHD,0.75,0.0013524590163934427
Chengdu,CoreHD,0.76,0.0013524590163934427
Chengdu,CoreHD,0.77,0.0011612021857923499
Chengdu,CoreHD,0.78,0.0011612021857923499
Chengdu,CoreHD,0.79,0.001133879781420765
Chengdu,CoreHD,0.8,0.0010245901639344263
Chengdu,CoreHD,0.81,0.0009153005464480875
Chengdu,CoreHD,0.8200000000000001,0.0005601092896174863
Chengdu,CoreHD,0.8300000000000001,0.0005601092896174863
Chengdu,CoreHD,0.84,0.00047814207650273224
Chengdu,CoreHD,0.85,0.00023224043715846995
Chengdu,CoreHD,0.86,0.00020491803278688525
Chengdu,CoreHD,0.87,0.00015027322404371585
Chengdu,CoreHD,0.88,9.562841530054645e-05
Chengdu,CoreHD,0.89,9.562841530054645e-05
Chengdu,CoreHD,0.9,9.562841530054645e-05
Chengdu,CoreHD,0.91,9.562841530054645e-05
Chengdu,CoreHD,0.92,9.562841530054645e-05
Chengdu,CoreHD,0.93,9.562841530054645e-05
Chengdu,CoreHD,0.9400000000000001,9.562841530054645e-05
Chengdu,CoreHD,0.9500000000000001,9.562841530054645e-05
Chengdu,CoreHD,0.96,9.562841530054645e-05
Chengdu,CoreHD,0.97,9.562841530054645e-05
Chengdu,CoreHD,0.98,9.562841530054645e-05
Chengdu,CoreHD,0.99,9.562841530054645e-05
Chengdu,CoreHD,1.0,0.0
Dalian,CI_Radius2,0.0,0.8106027195883866
Dalian,CI_Radius2,0.01,0.7970047776552738
Dalian,CI_Radius2,0.02,0.7818632855567806
Dalian,CI_Radius2,0.03,0.7523153252480705
Dalian,CI_Radius2,0.04,0.7313855200294009
Dalian,CI_Radius2,0.05,0.6948915839764792
Dalian,CI_Radius2,0.06,0.6590959206174201
Dalian,CI_Radius2,0.07,0.6301911062109518
Dalian,CI_Radius2,0.08,0.6035281146637266
Dalian,CI_Radius2,0.09,0.5649026093348033
Dalian,CI_Radius2,0.1,0.48897464167585447
Dalian,CI_Radius2,0.11,0.3695148842337376
Dalian,CI_Radius2,0.12,0.25672546857772877
Dalian,CI_Radius2,0.13,0.1912348401323043
Dalian,CI_Radius2,0.14,0.1862734288864388
Dalian,CI_Radius2,0.15,0.16933112826166852
Dalian,CI_Radius2,0.16,0.14476295479603085
Dalian,CI_Radius2,0.17,0.1432929070194781
Dalian,CI_Radius2,0.18,0.12267548695332597
Dalian,CI_Radius2,0.19,0.11800808526277104
Dalian,CI_Radius2,0.2,0.07324513046674017
Dalian,CI_Radius2,0.21,0.07324513046674017
Dalian,CI_Radius2,0.22,0.06041896361631753
Dalian,CI_Radius2,0.23,0.04994487320837927
Dalian,CI_Radius2,0.24,0.025431826534362368
Dalian,CI_Radius2,0.25,0.02517456817346564
Dalian,CI_Radius2,0.26,0.02517456817346564
Dalian,CI_Radius2,0.27,0.024072032341051083
Dalian,CI_Radius2,0.28,0.024219037118706356
Dalian,CI_Radius2,0.29,0.023741271591326718
Dalian,CI_Radius2,0.3,0.023337008452774716
Dalian,CI_Radius2,0.31,0.023337008452774716
Dalian,CI_Radius2,0.32,0.023337008452774716
Dalian,CI_Radius2,0.33,0.023079750091877987
Dalian,CI_Radius2,0.34,0.016648291069459756
Dalian,CI_Radius2,0.35000000000000003,0.016648291069459756
Dalian,CI_Radius2,0.36,0.016648291069459756
Dalian,CI_Radius2,0.37,0.016060271958838662
Dalian,CI_Radius2,0.38,0.012752664461595002
Dalian,CI_Radius2,0.39,0.014516721793458287
Dalian,CI_Radius2,0.4,0.014516721793458287
Dalian,CI_Radius2,0.41000000000000003,0.014516721793458287
Dalian,CI_Radius2,0.42,0.014516721793458287
Dalian,CI_Radius2,0.43,0.014369717015803014
Dalian,CI_Radius2,0.44,0.012421903711870637
Dalian,CI_Radius2,0.45,0.012421903711870637
Dalian,CI_Radius2,0.46,0.0059169423006247696
Dalian,CI_Radius2,0.47000000000000003,0.0059169423006247696
Dalian,CI_Radius2,0.48,0.0059169423006247696
Dalian,CI_Radius2,0.49,0.0059169423006247696
Dalian,CI_Radius2,0.5,0.0059169423006247696
Dalian,CI_Radius2,0.51,0.005733186328555678
Dalian,CI_Radius2,0.52,0.005733186328555678
Dalian,CI_Radius2,0.53,0.005733186328555678
Dalian,CI_Radius2,0.54,0.005292171995589856
Dalian,CI_Radius2,0.55,0.005292171995589856
Dalian,CI_Radius2,0.56,0.005292171995589856
Dalian,CI_Radius2,0.5700000000000001,0.005292171995589856
Dalian,CI_Radius2,0.58,0.005181918412348401
Dalian,CI_Radius2,0.59,0.005181918412348401
Dalian,CI_Radius2,0.6,0.005181918412348401
Dalian,CI_Radius2,0.61,0.005181918412348401
Dalian,CI_Radius2,0.62,0.005145167217934583
Dalian,CI_Radius2,0.63,0.005145167217934583
Dalian,CI_Radius2,0.64,0.005145167217934583
Dalian,CI_Radius2,0.65,0.001708930540242558
Dalian,CI_Radius2,0.66,0.001708930540242558
Dalian,CI_Radius2,0.67,0.001800808526277104
Dalian,CI_Radius2,0.68,0.001800808526277104
Dalian,CI_Radius2,0.6900000000000001,0.001800808526277104
Dalian,CI_Radius2,0.7000000000000001,0.001800808526277104
Dalian,CI_Radius2,0.71,0.0011392870268283719
Dalian,CI_Radius2,0.72,0.0008269018743109151
Dalian,CI_Radius2,0.73,0.0008269018743109151
Dalian,CI_Radius2,0.74,0.0008269018743109151
Dalian,CI_Radius2,0.75,0.0008269018743109151
Dalian,CI_Radius2,0.76,0.0008269018743109151
Dalian,CI_Radius2,0.77,0.0007533994854832782
Dalian,CI_Radius2,0.78,0.0006798970966556413
Dalian,CI_Radius2,0.79,0.000496141124586549
Dalian,CI_Radius2,0.8,0.000496141124586549
Dalian,CI_Radius2,0.81,0.00020213156927600145
Dalian,CI_Radius2,0.8200000000000001,0.00020213156927600145
Dalian,CI_Radius2,0.8300000000000001,0.00020213156927600145
Dalian,CI_Radius2,0.84,0.00020213156927600145
Dalian,CI_Radius2,0.85,0.00020213156927600145
Dalian,CI_Radius2,0.86,0.00020213156927600145
Dalian,CI_Radius2,0.87,0.00020213156927600145
Dalian,CI_Radius2,0.88,0.00020213156927600145
Dalian,CI_Radius2,0.89,0.00020213156927600145
Dalian,CI_Radius2,0.9,0.00020213156927600145
Dalian,CI_Radius2,0.91,0.00020213156927600145
Dalian,CI_Radius2,0.92,0.00020213156927600145
Dalian,CI_Radius2,0.93,0.00020213156927600145
Dalian,CI_Radius2,0.9400000000000001,0.00020213156927600145
Dalian,CI_Radius2,0.9500000000000001,0.00020213156927600145
Dalian,CI_Radius2,0.96,0.00020213156927600145
Dalian,CI_Radius2,0.97,0.00020213156927600145
Dalian,CI_Radius2,0.98,0.00020213156927600145
Dalian,CI_Radius2,0.99,0.00012862918044836456
Dalian,CI_Radius2,1.0,0.0
Dalian,CoreHD,0.0,0.8106027195883866
Dalian,CoreHD,0.01,0.7567989709665564
Dalian,CoreHD,0.02,0.7246784270488791
Dalian,CoreHD,0.03,0.6809445056964352
Dalian,CoreHD,0.04,0.5963800073502389
Dalian,CoreHD,0.05,0.5565233370084528
Dalian,CoreHD,0.06,0.5073134876883498
Dalian,CoreHD,0.07,0.4559720690922455
Dalian,CoreHD,0.08,0.3710033076074972
Dalian,CoreHD,0.09,0.30904079382579935
Dalian,CoreHD,0.1,0.2902976846747519
Dalian,CoreHD,0.11,0.2484380742374127
Dalian,CoreHD,0.12,0.18577728776185226
Dalian,CoreHD,0.13,0.09775817714075707
Dalian,CoreHD,0.14,0.024696802646085998
Dalian,CoreHD,0.15,0.012421903711870635
Dalian,CoreHD,0.16,0.011962513781697905
Dalian,CoreHD,0.17,0.011962513781697905
Dalian,CoreHD,0.18,0.011962513781697905
Dalian,CoreHD,0.19,0.011962513781697905
Dalian,CoreHD,0.2,0.007184858507901506
Dalian,CoreHD,0.21,0.007184858507901506
Dalian,CoreHD,0.22,0.007184858507901506
Dalian,CoreHD,0.23,0.007184858507901506
Dalian,CoreHD,0.24,0.007184858507901506
Dalian,CoreHD,0.25,0.007184858507901506
Dalian,CoreHD,0.26,0.007184858507901506
Dalian,CoreHD,0.27,0.007184858507901506
Dalian,CoreHD,0.28,0.007184858507901506
Dalian,CoreHD,0.29,0.007184858507901506
Dalian,CoreHD,0.3,0.007184858507901506
Dalian,CoreHD,0.31,0.007184858507901506
Dalian,CoreHD,0.32,0.00685409775817714
Dalian,CoreHD,0.33,0.0059353178978316795
Dalian,CoreHD,0.34,0.004906284454244763
Dalian,CoreHD,0.35000000000000003,0.004906284454244763
Dalian,CoreHD,0.36,0.004906284454244763
Dalian,CoreHD,0.37,0.004906284454244763
Dalian,CoreHD,0.38,0.004906284454244763
Dalian,CoreHD,0.39,0.004906284454244763
Dalian,CoreHD,0.4,0.004906284454244763
Dalian,CoreHD,0.41000000000000003,0.004906284454244763
Dalian,CoreHD,0.42,0.004906284454244763
Dalian,CoreHD,0.43,0.004906284454244763
Dalian,CoreHD,0.44,0.004906284454244763
Dalian,CoreHD,0.45,0.004906284454244763
Dalian,CoreHD,0.46,0.004906284454244763
Dalian,CoreHD,0.47000000000000003,0.004906284454244763
Dalian,CoreHD,0.48,0.004906284454244763
Dalian,CoreHD,0.49,0.004906284454244763
Dalian,CoreHD,0.5,0.004906284454244763
Dalian,CoreHD,0.51,0.004906284454244763
Dalian,CoreHD,0.52,0.004906284454244763
Dalian,CoreHD,0.53,0.004906284454244763
Dalian,CoreHD,0.54,0.004906284454244763
Dalian,CoreHD,0.55,0.004906284454244763
Dalian,CoreHD,0.56,0.004906284454244763
Dalian,CoreHD,0.5700000000000001,0.004906284454244763
Dalian,CoreHD,0.58,0.004906284454244763
Dalian,CoreHD,0.59,0.004906284454244763
Dalian,CoreHD,0.6,0.004906284454244763
Dalian,CoreHD,0.61,0.0024072032341051082
Dalian,CoreHD,0.62,0.0011944138184490996
Dalian,CoreHD,0.63,0.0011944138184490996
Dalian,CoreHD,0.64,0.0011944138184490996
Dalian,CoreHD,0.65,0.0011944138184490996
Dalian,CoreHD,0.66,0.0011944138184490996
Dalian,CoreHD,0.67,0.0011944138184490996
Dalian,CoreHD,0.68,0.0011944138184490996
Dalian,CoreHD,0.6900000000000001,0.0011944138184490996
Dalian,CoreHD,0.7000000000000001,0.0011944138184490996
Dalian,CoreHD,0.71,0.0011944138184490996
Dalian,CoreHD,0.72,0.0011944138184490996
Dalian,CoreHD,0.73,0.0011209114296214628
Dalian,CoreHD,0.74,0.0011209114296214628
Dalian,CoreHD,0.75,0.0011209114296214628
Dalian,CoreHD,0.76,0.0011209114296214628
Dalian,CoreHD,0.77,0.000496141124586549
Dalian,CoreHD,0.78,0.00034913634693127527
Dalian,CoreHD,0.79,0.00020213156927600145
Dalian,CoreHD,0.8,0.00020213156927600145
Dalian,CoreHD,0.81,0.00016538037486218303
Dalian,CoreHD,0.8200000000000001,0.00012862918044836456
Dalian,CoreHD,0.8300000000000001,0.00012862918044836456
Dalian,CoreHD,0.84,0.00012862918044836456
Dalian,CoreHD,0.85,0.00012862918044836456
Dalian,CoreHD,0.86,0.00012862918044836456
Dalian,CoreHD,0.87,0.00012862918044836456
Dalian,CoreHD,0.88,0.00012862918044836456
Dalian,CoreHD,0.89,0.00012862918044836456
Dalian,CoreHD,0.9,0.00012862918044836456
Dalian,CoreHD,0.91,0.00012862918044836456
Dalian,CoreHD,0.92,0.00012862918044836456
Dalian,CoreHD,0.93,0.00012862918044836456
Dalian,CoreHD,0.9400000000000001,0.00012862918044836456
Dalian,CoreHD,0.9500000000000001,0.00012862918044836456
Dalian,CoreHD,0.96,0.00012862918044836456
Dalian,CoreHD,0.97,0.00012862918044836456
Dalian,CoreHD,0.98,0.00012862918044836456
Dalian,CoreHD,0.99,0.00012862918044836456
Dalian,CoreHD,1.0,0.0
Dongguan,CI_Radius2,0.0,0.8351172579675286
Dongguan,CI_Radius2,0.01,0.8215273601924233
Dongguan,CI_Radius2,0.02,0.8065844858689116
Dongguan,CI_Radius2,0.03,0.7815393866506313
Dongguan,CI_Radius2,0.04,0.7583884546001203
Dongguan,CI_Radius2,0.05,0.7397775105231509
Dongguan,CI_Radius2,0.06,0.6913409500901985
Dongguan,CI_Radius2,0.07,0.5219783523752255
Dongguan,CI_Radius2,0.08,0.5044497895369814
Dongguan,CI_Radius2,0.09,0.4608538785327721
Dongguan,CI_Radius2,0.1,0.3801563439567047
Dongguan,CI_Radius2,0.11,0.35802766085387855
Dongguan,CI_Radius2,0.12,0.3246542393265184
Dongguan,CI_Radius2,0.13,0.20402886349969934
Dongguan,CI_Radius2,0.14,0.19494888755261575
Dongguan,CI_Radius2,0.15,0.07426337943475647
Dongguan,CI_Radius2,0.16,0.08268190018039687
Dongguan,CI_Radius2,0.17,0.08075766686710764
Dongguan,CI_Radius2,0.18,0.08069753457606735
Dongguan,CI_Radius2,0.19,0.06139506915213469
Dongguan,CI_Radius2,0.2,0.0592904389657246
Dongguan,CI_Radius2,0.21,0.058388454600120265
Dongguan,CI_Radius2,0.22,0.058388454600120265
Dongguan,CI_Radius2,0.23,0.0582080577269994
Dongguan,CI_Radius2,0.24,0.05478051713770295
Dongguan,CI_Radius2,0.25,0.05478051713770295
Dongguan,CI_Radius2,0.26,0.05478051713770295
Dongguan,CI_Radius2,0.27,0.05243535778713169
Dongguan,CI_Radius2,0.28,0.047384245339747444
Dongguan,CI_Radius2,0.29,0.047083583884546004
Dongguan,CI_Radius2,0.3,0.047083583884546004
Dongguan,CI_Radius2,0.31,0.04479855682501503
Dongguan,CI_Radius2,0.32,0.04918821407095611
Dongguan,CI_Radius2,0.33,0.04918821407095611
Dongguan,CI_Radius2,0.34,0.04918821407095611
Dongguan,CI_Radius2,0.35000000000000003,0.04894768490679495
Dongguan,CI_Radius2,0.36,0.038123872519542995
Dongguan,CI_Radius2,0.37,0.03752254960914011
Dongguan,CI_Radius2,0.38,0.03752254960914011
Dongguan,CI_Radius2,0.39,0.03752254960914011
Dongguan,CI_Radius2,0.4,0.03451593505712568
Dongguan,CI_Radius2,0.41000000000000003,0.028202044497895366
Dongguan,CI_Radius2,0.42,0.02675886951292844
Dongguan,CI_Radius2,0.43,0.02675886951292844
Dongguan,CI_Radius2,0.44,0.02675886951292844
Dongguan,CI_Radius2,0.45,0.022369212266987373
Dongguan,CI_Radius2,0.46,0.021407095610342756
Dongguan,CI_Radius2,0.47000000000000003,0.020865904990980157
Dongguan,CI_Radius2,0.48,0.02026458208057727
Dongguan,CI_Radius2,0.49,0.01719783523752255
Dongguan,CI_Radius2,0.5,0.01719783523752255
Dongguan,CI_Radius2,0.51,0.01551413108839447
Dongguan,CI_Radius2,0.52,0.015213469633193026
Dongguan,CI_Radius2,0.53,0.01371016235718581
Dongguan,CI_Radius2,0.54,0.01371016235718581
Dongguan,CI_Radius2,0.55,0.01371016235718581
Dongguan,CI_Radius2,0.56,0.009981960312687914
Dongguan,CI_Radius2,0.5700000000000001,0.009380637402285027
Dongguan,CI_Radius2,0.58,0.009380637402285027
Dongguan,CI_Radius2,0.59,0.0033674082982561634
Dongguan,CI_Radius2,0.6,0.0033674082982561634
Dongguan,CI_Radius2,0.61,0.002675886951292844
Dongguan,CI_Radius2,0.62,0.002675886951292844
Dongguan,CI_Radius2,0.63,0.002675886951292844
Dongguan,CI_Radius2,0.64,0.0020745640408899577
Dongguan,CI_Radius2,0.65,0.0020745640408899577
Dongguan,CI_Radius2,0.66,0.0020745640408899577
Dongguan,CI_Radius2,0.67,0.0020745640408899577
Dongguan,CI_Radius2,0.68,0.0020745640408899577
Dongguan,CI_Radius2,0.6900000000000001,0.0014131088394467829
Dongguan,CI_Radius2,0.7000000000000001,0.0014131088394467829
Dongguan,CI_Radius2,0.71,0.0014131088394467829
Dongguan,CI_Radius2,0.72,0.0014131088394467829
Dongguan,CI_Radius2,0.73,0.0014131088394467829
Dongguan,CI_Radius2,0.74,0.0014131088394467829
Dongguan,CI_Radius2,0.75,0.0008117859290438966
Dongguan,CI_Radius2,0.76,0.0008117859290438966
Dongguan,CI_Radius2,0.77,0.0008117859290438966
Dongguan,CI_Radius2,0.78,0.0008117859290438966
Dongguan,CI_Radius2,0.79,0.0006915213469633194
Dongguan,CI_Radius2,0.8,0.0006915213469633194
Dongguan,CI_Radius2,0.81,0.0006313890559230307
Dongguan,CI_Radius2,0.8200000000000001,0.000571256764882742
Dongguan,CI_Radius2,0.8300000000000001,0.000571256764882742
Dongguan,CI_Radius2,0.84,0.000571256764882742
Dongguan,CI_Radius2,0.85,0.000571256764882742
Dongguan,CI_Radius2,0.86,0.000571256764882742
Dongguan,CI_Radius2,0.87,0.000571256764882742
Dongguan,CI_Radius2,0.88,0.000571256764882742
Dongguan,CI_Radius2,0.89,0.000571256764882742
Dongguan,CI_Radius2,0.9,0.000571256764882742
Dongguan,CI_Radius2,0.91,0.000571256764882742
Dongguan,CI_Radius2,0.92,0.000571256764882742
Dongguan,CI_Radius2,0.93,0.000571256764882742
Dongguan,CI_Radius2,0.9400000000000001,0.000571256764882742
Dongguan,CI_Radius2,0.9500000000000001,0.000571256764882742
Dongguan,CI_Radius2,0.96,0.000571256764882742
Dongguan,CI_Radius2,0.97,0.0004509921828021648
Dongguan,CI_Radius2,0.98,0.0004509921828021648
Dongguan,CI_Radius2,0.99,0.0004509921828021648
Dongguan,CI_Radius2,1.0,0.0
Dongguan,CoreHD,0.0,0.8351172579675286
Dongguan,CoreHD,0.01,0.8021046301864101
Dongguan,CoreHD,0.02,0.7544197233914612
Dongguan,CoreHD,0.03,0.6542393265183404
Dongguan,CoreHD,0.04,0.6099218280216476
Dongguan,CoreHD,0.05,0.5800962116656645
Dongguan,CoreHD,0.06,0.5403487672880337
Dongguan,CoreHD,0.07,0.49939867708959707
Dongguan,CoreHD,0.08,0.45484064942874325
Dongguan,CoreHD,0.09,0.45021046301864104
Dongguan,CoreHD,0.1,0.3894768490679495
Dongguan,CoreHD,0.11,0.23445580276608538
Dongguan,CoreHD,0.12,0.17179795550210464
Dongguan,CoreHD,0.13,0.05929043896572459
Dongguan,CoreHD,0.14,0.02074564040889958
Dongguan,CoreHD,0.15,0.011635598316295851
Dongguan,CoreHD,0.16,0.011635598316295851
Dongguan,CoreHD,0.17,0.011635598316295851
Dongguan,CoreHD,0.18,0.011635598316295851
Dongguan,CoreHD,0.19,0.011635598316295851
Dongguan,CoreHD,0.2,0.011635598316295851
Dongguan,CoreHD,0.21,0.011635598316295851
Dongguan,CoreHD,0.22,0.011635598316295851
Dongguan,CoreHD,0.23,0.011214672279013831
Dongguan,CoreHD,0.24,0.011214672279013831
Dongguan,CoreHD,0.25,0.011214672279013831
Dongguan,CoreHD,0.26,0.011214672279013831
Dongguan,CoreHD,0.27,0.011214672279013831
Dongguan,CoreHD,0.28,0.011214672279013831
Dongguan,CoreHD,0.29,0.011214672279013831
Dongguan,CoreHD,0.3,0.011214672279013831
Dongguan,CoreHD,0.31,0.011214672279013831
Dongguan,CoreHD,0.32,0.011214672279013831
Dongguan,CoreHD,0.33,0.011214672279013831
Dongguan,CoreHD,0.34,0.011214672279013831
Dongguan,CoreHD,0.35000000000000003,0.011214672279013831
Dongguan,CoreHD,0.36,0.011214672279013831
Dongguan,CoreHD,0.37,0.011214672279013831
Dongguan,CoreHD,0.38,0.011214672279013831
Dongguan,CoreHD,0.39,0.011214672279013831
Dongguan,CoreHD,0.4,0.011214672279013831
Dongguan,CoreHD,0.41000000000000003,0.011214672279013831
Dongguan,CoreHD,0.42,0.010493084786530367
Dongguan,CoreHD,0.43,0.010493084786530367
Dongguan,CoreHD,0.44,0.010072158749248347
Dongguan,CoreHD,0.45,0.010072158749248347
Dongguan,CoreHD,0.46,0.007847263980757666
Dongguan,CoreHD,0.47000000000000003,0.007847263980757666
Dongguan,CoreHD,0.48,0.007847263980757666
Dongguan,CoreHD,0.49,0.007847263980757666
Dongguan,CoreHD,0.5,0.007847263980757666
Dongguan,CoreHD,0.51,0.007847263980757666
Dongguan,CoreHD,0.52,0.005261575466025256
Dongguan,CoreHD,0.53,0.005261575466025256
Dongguan,CoreHD,0.54,0.005261575466025256
Dongguan,CoreHD,0.55,0.005261575466025256
Dongguan,CoreHD,0.56,0.005261575466025256
Dongguan,CoreHD,0.5700000000000001,0.005261575466025256
Dongguan,CoreHD,0.58,0.005261575466025256
Dongguan,CoreHD,0.59,0.005261575466025256
Dongguan,CoreHD,0.6,0.005261575466025256
Dongguan,CoreHD,0.61,0.0036380036079374624
Dongguan,CoreHD,0.62,0.0036380036079374624
Dongguan,CoreHD,0.63,0.002736019242333133
Dongguan,CoreHD,0.64,0.002736019242333133
Dongguan,CoreHD,0.65,0.002736019242333133
Dongguan,CoreHD,0.66,0.002736019242333133
Dongguan,CoreHD,0.67,0.002736019242333133
Dongguan,CoreHD,0.68,0.002736019242333133
Dongguan,CoreHD,0.6900000000000001,0.002736019242333133
Dongguan,CoreHD,0.7000000000000001,0.002736019242333133
Dongguan,CoreHD,0.71,0.002736019242333133
Dongguan,CoreHD,0.72,0.002736019242333133
Dongguan,CoreHD,0.73,0.002736019242333133
Dongguan,CoreHD,0.74,0.002736019242333133
Dongguan,CoreHD,0.75,0.002736019242333133
Dongguan,CoreHD,0.76,0.002736019242333133
Dongguan,CoreHD,0.77,0.002736019242333133
Dongguan,CoreHD,0.78,0.001232711966325917
Dongguan,CoreHD,0.79,0.0006915213469633194
Dongguan,CoreHD,0.8,0.000571256764882742
Dongguan,CoreHD,0.81,0.000571256764882742
Dongguan,CoreHD,0.8200000000000001,0.00039085989176187617
Dongguan,CoreHD,0.8300000000000001,0.0002104630186410102
Dongguan,CoreHD,0.84,0.0002104630186410102
Dongguan,CoreHD,0.85,0.0002104630186410102
Dongguan,CoreHD,0.86,0.0002104630186410102
Dongguan,CoreHD,0.87,0.0002104630186410102
Dongguan,CoreHD,0.88,0.0002104630186410102
Dongguan,CoreHD,0.89,0.0002104630186410102
Dongguan,CoreHD,0.9,0.0002104630186410102
Dongguan,CoreHD,0.91,0.0002104630186410102
Dongguan,CoreHD,0.92,0.0002104630186410102
Dongguan,CoreHD,0.93,0.0002104630186410102
Dongguan,CoreHD,0.9400000000000001,0.0002104630186410102
Dongguan,CoreHD,0.9500000000000001,0.0002104630186410102
Dongguan,CoreHD,0.96,0.0002104630186410102
Dongguan,CoreHD,0.97,0.0002104630186410102
Dongguan,CoreHD,0.98,0.0002104630186410102
Dongguan,CoreHD,0.99,0.0002104630186410102
Dongguan,CoreHD,1.0,0.0
Harbin,CI_Radius2,0.0,0.8127388831919455
Harbin,CI_Radius2,0.01,0.8017852148783444
Harbin,CI_Radius2,0.02,0.7879882539386595
Harbin,CI_Radius2,0.03,0.774913768994127
Harbin,CI_Radius2,0.04,0.7589726857462478
Harbin,CI_Radius2,0.05,0.7392560827817657
Harbin,CI_Radius2,0.06,0.7155542090053137
Harbin,CI_Radius2,0.07,0.6884963177029925
Harbin,CI_Radius2,0.08,0.6687331033839843
Harbin,CI_Radius2,0.09,0.6485969982287685
Harbin,CI_Radius2,0.1,0.596951617414002
Harbin,CI_Radius2,0.11,0.5561899878810478
Harbin,CI_Radius2,0.12,0.5037289083620771
Harbin,CI_Radius2,0.13,0.37869394984618254
Harbin,CI_Radius2,0.14,0.36662160902395824
Harbin,CI_Radius2,0.15,0.31229607532394893
Harbin,CI_Radius2,0.16,0.2868695814300364
Harbin,CI_Radius2,0.17,0.2625617600447469
Harbin,CI_Radius2,0.18,0.2419129299897455
Harbin,CI_Radius2,0.19,0.23837046704577236
Harbin,CI_Radius2,0.2,0.19381001211895219
Harbin,CI_Radius2,0.21,0.17581802927193063
Harbin,CI_Radius2,0.22,0.17180945278269788
Harbin,CI_Radius2,0.23,0.1368043255337
Harbin,CI_Radius2,0.24,0.13540598489792113
Harbin,CI_Radius2,0.25,0.09541344271464529
Harbin,CI_Radius2,0.26,0.09196420247972406
Harbin,CI_Radius2,0.27,0.0902861937167894
Harbin,CI_Radius2,0.28,0.06837885708958702
Harbin,CI_Radius2,0.29,0.0664211801994966
Harbin,CI_Radius2,0.3,0.063438053509835
Harbin,CI_Radius2,0.31,0.058217581802927194
Harbin,CI_Radius2,0.32,0.05514123240421367
Harbin,CI_Radius2,0.33,0.055001398340635776
Harbin,CI_Radius2,0.34,0.05127248997855877
Harbin,CI_Radius2,0.35000000000000003,0.05089959914235107
Harbin,CI_Radius2,0.36,0.04605201827165097
Harbin,CI_Radius2,0.37,0.04591218420807309
Harbin,CI_Radius2,0.38,0.0442807867996644
Harbin,CI_Radius2,0.39,0.03584413163046518
Harbin,CI_Radius2,0.4,0.035424629439731514
Harbin,CI_Radius2,0.41000000000000003,0.03519157266710171
Harbin,CI_Radius2,0.42,0.035144961312575745
Harbin,CI_Radius2,0.43,0.031742332432180484
Harbin,CI_Radius2,0.44,0.03118299617786893
Harbin,CI_Radius2,0.45,0.030577048569031415
Harbin,CI_Radius2,0.46,0.025776079052857274
Harbin,CI_Radius2,0.47000000000000003,0.025729467698331312
Harbin,CI_Radius2,0.48,0.022839563717721636
Harbin,CI_Radius2,0.49,0.019110655355644636
Harbin,CI_Radius2,0.5,0.018970821292066748
Harbin,CI_Radius2,0.51,0.018691153164910972
Harbin,CI_Radius2,0.52,0.018691153164910972
Harbin,CI_Radius2,0.53,0.013563904167055095
Harbin,CI_Radius2,0.54,0.013563904167055095
Harbin,CI_Radius2,0.55,0.010720611540971382
Harbin,CI_Radius2,0.56,0.010627388831919457
Harbin,CI_Radius2,0.5700000000000001,0.0031695721077654514
Harbin,CI_Radius2,0.58,0.0031695721077654514
Harbin,CI_Radius2,0.59,0.002610235853453901
Harbin,CI_Radius2,0.6,0.002796681271557751
Harbin,CI_Radius2,0.61,0.0020742052764053326
Harbin,CI_Radius2,0.62,0.0020742052764053326
Harbin,CI_Radius2,0.63,0.0020742052764053326
Harbin,CI_Radius2,0.64,0.0020742052764053326
Harbin,CI_Radius2,0.65,0.0020042882446163887
Harbin,CI_Radius2,0.66,0.001421646313041857
Harbin,CI_Radius2,0.67,0.001421646313041857
Harbin,CI_Radius2,0.68,0.001421646313041857
Harbin,CI_Radius2,0.6900000000000001,0.0013750349585158945
Harbin,CI_Radius2,0.7000000000000001,0.0012352008949380068
Harbin,CI_Radius2,0.71,0.0012352008949380068
Harbin,CI_Radius2,0.72,0.0012352008949380068
Harbin,CI_Radius2,0.73,0.0012352008949380068
Harbin,CI_Radius2,0.74,0.0008156987042043443
Harbin,CI_Radius2,0.75,0.0008156987042043443
Harbin,CI_Radius2,0.76,0.0008156987042043443
Harbin,CI_Radius2,0.77,0.0008156987042043443
Harbin,CI_Radius2,0.78,0.0008156987042043443
Harbin,CI_Radius2,0.79,0.0008156987042043443
Harbin,CI_Radius2,0.8,0.0008156987042043443
Harbin,CI_Radius2,0.81,0.0008156987042043443
Harbin,CI_Radius2,0.8200000000000001,0.000536030577048569
Harbin,CI_Radius2,0.8300000000000001,0.0004195021907336628
Harbin,CI_Radius2,0.84,0.0004195021907336628
Harbin,CI_Radius2,0.85,0.00034958515894471895
Harbin,CI_Radius2,0.86,0.00030297380441875643
Harbin,CI_Radius2,0.87,0.00030297380441875643
Harbin,CI_Radius2,0.88,0.00030297380441875643
Harbin,CI_Radius2,0.89,0.00030297380441875643
Harbin,CI_Radius2,0.9,0.00030297380441875643
Harbin,CI_Radius2,0.91,0.00030297380441875643
Harbin,CI_Radius2,0.92,0.00030297380441875643
Harbin,CI_Radius2,0.93,0.00030297380441875643
Harbin,CI_Radius2,0.9400000000000001,0.00030297380441875643
Harbin,CI_Radius2,0.9500000000000001,0.00030297380441875643
Harbin,CI_Radius2,0.96,0.00030297380441875643
Harbin,CI_Radius2,0.97,0.00030297380441875643
Harbin,CI_Radius2,0.98,0.00030297380441875643
Harbin,CI_Radius2,0.99,0.00030297380441875643
Harbin,CI_Radius2,1.0,0.0
Harbin,CoreHD,0.0,0.8127388831919455
Harbin,CoreHD,0.01,0.7428684627575277
Harbin,CoreHD,0.02,0.7138762002423791
Harbin,CoreHD,0.03,0.6910832478791833
Harbin,CoreHD,0.04,0.6681970728069357
Harbin,CoreHD,0.05,0.6323995525309966
Harbin,CoreHD,0.06,0.604432739815419
Harbin,CoreHD,0.07,0.570965787265778
Harbin,CoreHD,0.08,0.5396662627015941
Harbin,CoreHD,0.09,0.5029831266896616
Harbin,CoreHD,0.1,0.44979957117553837
Harbin,CoreHD,0.11,0.36641185792859143
Harbin,CoreHD,0.12,0.24937074671389953
Harbin,CoreHD,0.13,0.16822037848419874
Harbin,CoreHD,0.14,0.1203971287405612
Harbin,CoreHD,0.15,0.019064044001118673
Harbin,CoreHD,0.16,0.015241912929989746
Harbin,CoreHD,0.17,0.014799105061993102
Harbin,CoreHD,0.18,0.014799105061993102
Harbin,CoreHD,0.19,0.014799105061993102
Harbin,CoreHD,0.2,0.014799105061993102
Harbin,CoreHD,0.21,0.014799105061993102
Harbin,CoreHD,0.22,0.014799105061993102
Harbin,CoreHD,0.23,0.014799105061993102
Harbin,CoreHD,0.24,0.011722755663279575
Harbin,CoreHD,0.25,0.011722755663279575
Harbin,CoreHD,0.26,0.011722755663279575
Harbin,CoreHD,0.27,0.011722755663279575
Harbin,CoreHD,0.28,0.011722755663279575
Harbin,CoreHD,0.29,0.011722755663279575
Harbin,CoreHD,0.3,0.011722755663279575
Harbin,CoreHD,0.31,0.011722755663279575
Harbin,CoreHD,0.32,0.011722755663279575
Harbin,CoreHD,0.33,0.011722755663279575
Harbin,CoreHD,0.34,0.011722755663279575
Harbin,CoreHD,0.35000000000000003,0.011722755663279575
Harbin,CoreHD,0.36,0.011722755663279575
Harbin,CoreHD,0.37,0.011722755663279575
Harbin,CoreHD,0.38,0.011722755663279575
Harbin,CoreHD,0.39,0.011722755663279575
Harbin,CoreHD,0.4,0.011722755663279575
Harbin,CoreHD,0.41000000000000003,0.011722755663279575
Harbin,CoreHD,0.42,0.011722755663279575
Harbin,CoreHD,0.43,0.011722755663279575
Harbin,CoreHD,0.44,0.011722755663279575
Harbin,CoreHD,0.45,0.011722755663279575
Harbin,CoreHD,0.46,0.011722755663279575
Harbin,CoreHD,0.47000000000000003,0.007574345110468911
Harbin,CoreHD,0.48,0.007574345110468911
Harbin,CoreHD,0.49,0.007574345110468911
Harbin,CoreHD,0.5,0.007574345110468911
Harbin,CoreHD,0.51,0.007574345110468911
Harbin,CoreHD,0.52,0.007574345110468911
Harbin,CoreHD,0.53,0.007574345110468911
Harbin,CoreHD,0.54,0.007574345110468911
Harbin,CoreHD,0.55,0.006502283956371772
Harbin,CoreHD,0.56,0.006502283956371772
Harbin,CoreHD,0.5700000000000001,0.006502283956371772
Harbin,CoreHD,0.58,0.006502283956371772
Harbin,CoreHD,0.59,0.006502283956371772
Harbin,CoreHD,0.6,0.006502283956371772
Harbin,CoreHD,0.61,0.0036589913302880585
Harbin,CoreHD,0.62,0.0036589913302880585
Harbin,CoreHD,0.63,0.0036589913302880585
Harbin,CoreHD,0.64,0.0036589913302880585
Harbin,CoreHD,0.65,0.0036589913302880585
Harbin,CoreHD,0.66,0.0036589913302880585
Harbin,CoreHD,0.67,0.0023538734035611075
Harbin,CoreHD,0.68,0.0023538734035611075
Harbin,CoreHD,0.6900000000000001,0.0023538734035611075
Harbin,CoreHD,0.7000000000000001,0.0023538734035611075
Harbin,CoreHD,0.71,0.0023538734035611075
Harbin,CoreHD,0.72,0.0023538734035611075
Harbin,CoreHD,0.73,0.002120816630931295
Harbin,CoreHD,0.74,0.001701314440197632
Harbin,CoreHD,0.75,0.001701314440197632
Harbin,CoreHD,0.76,0.001701314440197632
Harbin,CoreHD,0.77,0.001701314440197632
Harbin,CoreHD,0.78,0.001701314440197632
Harbin,CoreHD,0.79,0.001514869022093782
Harbin,CoreHD,0.8,0.001514869022093782
Harbin,CoreHD,0.81,0.000536030577048569
Harbin,CoreHD,0.8200000000000001,0.0003961965134706815
Harbin,CoreHD,0.8300000000000001,0.00034958515894471895
Harbin,CoreHD,0.84,0.00034958515894471895
Harbin,CoreHD,0.85,0.00016313974084086885
Harbin,CoreHD,0.86,0.00016313974084086885
Harbin,CoreHD,0.87,0.00016313974084086885
Harbin,CoreHD,0.88,0.00016313974084086885
Harbin,CoreHD,0.89,0.00016313974084086885
Harbin,CoreHD,0.9,0.00016313974084086885
Harbin,CoreHD,0.91,0.00016313974084086885
Harbin,CoreHD,0.92,0.00016313974084086885
Harbin,CoreHD,0.93,0.00016313974084086885
Harbin,CoreHD,0.9400000000000001,0.00016313974084086885
Harbin,CoreHD,0.9500000000000001,0.00016313974084086885
Harbin,CoreHD,0.96,0.00016313974084086885
Harbin,CoreHD,0.97,0.00016313974084086885
Harbin,CoreHD,0.98,0.00016313974084086885
Harbin,CoreHD,0.99,0.00016313974084086885
Harbin,CoreHD,1.0,0.0
Qingdao,CI_Radius2,0.0,0.8506549589750971
Qingdao,CI_Radius2,0.01,0.8316179645890311
Qingdao,CI_Radius2,0.02,0.8132467252051245
Qingdao,CI_Radius2,0.03,0.797646466100475
Qingdao,CI_Radius2,0.04,0.7829098891607889
Qingdao,CI_Radius2,0.05,0.7583489275946451
Qingdao,CI_Radius2,0.06,0.7332301712969627
Qingdao,CI_Radius2,0.07,0.7079854613502231
Qingdao,CI_Radius2,0.08,0.6629480351230748
Qingdao,CI_Radius2,0.09,0.6073125089966892
Qingdao,CI_Radius2,0.1,0.5359867568734706
Qingdao,CI_Radius2,0.11,0.46453505110119475
Qingdao,CI_Radius2,0.12,0.43248884410536925
Qingdao,CI_Radius2,0.13,0.36629120483662014
Qingdao,CI_Radius2,0.14,0.29597308190585864
Qingdao,CI_Radius2,0.15,0.2511155894630776
Qingdao,CI_Radius2,0.16,0.17093709514898517
Qingdao,CI_Radius2,0.17,0.11127105225277098
Qingdao,CI_Radius2,0.18,0.10508133007053405
Qingdao,CI_Radius2,0.19,0.08186987188714553
Qingdao,CI_Radius2,0.2,0.06578379156470418
Qingdao,CI_Radius2,0.21,0.06355261263854901
Qingdao,CI_Radius2,0.22,0.04800633366920973
Qingdao,CI_Radius2,0.23,0.04642291636677702
Qingdao,CI_Radius2,0.24,0.04642291636677702
Qingdao,CI_Radius2,0.25,0.04566719447243414
Qingdao,CI_Radius2,0.26,0.041312796890744206
Qingdao,CI_Radius2,0.27,0.04001727364329927
Qingdao,CI_Radius2,0.28,0.03710234633654815
Qingdao,CI_Radius2,0.29,0.03645458471282568
Qingdao,CI_Radius2,0.3,0.03138045199366633
Qingdao,CI_Radius2,0.31,0.031200518209298977
Qingdao,CI_Radius2,0.32,0.031200518209298977
Qingdao,CI_Radius2,0.33,0.031200518209298977
Qingdao,CI_Radius2,0.34,0.03008492874622139
Qingdao,CI_Radius2,0.35000000000000003,0.029689074420613214
Qingdao,CI_Radius2,0.36,0.029689074420613214
Qingdao,CI_Radius2,0.37,0.028717431985029507
Qingdao,CI_Radius2,0.38,0.028537498200662155
Qingdao,CI_Radius2,0.39,0.028105657118180513
Qingdao,CI_Radius2,0.4,0.028105657118180513
Qingdao,CI_Radius2,0.41000000000000003,0.028105657118180513
Qingdao,CI_Radius2,0.42,0.027529869008204984
Qingdao,CI_Radius2,0.43,0.027062041168849863
Qingdao,CI_Radius2,0.44,0.027062041168849863
Qingdao,CI_Radius2,0.45,0.027062041168849863
Qingdao,CI_Radius2,0.46,0.02695408089822945
Qingdao,CI_Radius2,0.47000000000000003,0.026594213329494746
Qingdao,CI_Radius2,0.48,0.026594213329494746
Qingdao,CI_Radius2,0.49,0.026594213329494746
Qingdao,CI_Radius2,0.5,0.025406650352670215
Qingdao,CI_Radius2,0.51,0.025406650352670215
Qingdao,CI_Radius2,0.52,0.025406650352670215
Qingdao,CI_Radius2,0.53,0.024578954944580393
Qingdao,CI_Radius2,0.54,0.024291060889592632
Qingdao,CI_Radius2,0.55,0.024291060889592632
Qingdao,CI_Radius2,0.56,0.023355405210882394
Qingdao,CI_Radius2,0.5700000000000001,0.020260544119763926
Qingdao,CI_Radius2,0.58,0.020260544119763926
Qingdao,CI_Radius2,0.59,0.019612782496041457
Qingdao,CI_Radius2,0.6,0.019468835468547573
Qingdao,CI_Radius2,0.61,0.01925291492730675
Qingdao,CI_Radius2,0.62,0.010796027062041169
Qingdao,CI_Radius2,0.63,0.010796027062041169
Qingdao,CI_Radius2,0.64,0.008744781920253346
Qingdao,CI_Radius2,0.65,0.007521232186555347
Qingdao,CI_Radius2,0.66,0.007521232186555347
Qingdao,CI_Radius2,0.67,0.007413271915934936
Qingdao,CI_Radius2,0.68,0.0034367352814164386
Qingdao,CI_Radius2,0.6900000000000001,0.0034367352814164386
Qingdao,CI_Radius2,0.7000000000000001,0.0034367352814164386
Qingdao,CI_Radius2,0.71,0.0008456887865265582
Qingdao,CI_Radius2,0.72,0.0008456887865265582
Qingdao,CI_Radius2,0.73,0.0008456887865265582
Qingdao,CI_Radius2,0.74,0.0008097020296530877
Qingdao,CI_Radius2,0.75,0.0008097020296530877
Qingdao,CI_Radius2,0.76,0.0008097020296530877
Qingdao,CI_Radius2,0.77,0.0008097020296530877
Qingdao,CI_Radius2,0.78,0.000701741759032676
Qingdao,CI_Radius2,0.79,0.000701741759032676
Qingdao,CI_Radius2,0.8,0.0004858212177918526
Qingdao,CI_Radius2,0.81,0.000575788109975529
Qingdao,CI_Radius2,0.8200000000000001,0.000575788109975529
Qingdao,CI_Radius2,0.8300000000000001,0.000575788109975529
Qingdao,CI_Radius2,0.84,0.000575788109975529
Qingdao,CI_Radius2,0.85,0.000575788109975529
Qingdao,CI_Radius2,0.86,0.000575788109975529
Qingdao,CI_Radius2,0.87,0.000575788109975529
Qingdao,CI_Radius2,0.88,0.0004318410824816468
Qingdao,CI_Radius2,0.89,0.0004318410824816468
Qingdao,CI_Radius2,0.9,0.0004318410824816468
Qingdao,CI_Radius2,0.91,0.0004318410824816468
Qingdao,CI_Radius2,0.92,0.0004318410824816468
Qingdao,CI_Radius2,0.93,0.0004318410824816468
Qingdao,CI_Radius2,0.9400000000000001,0.0004318410824816468
Qingdao,CI_Radius2,0.9500000000000001,0.0004318410824816468
Qingdao,CI_Radius2,0.96,0.0004318410824816468
Qingdao,CI_Radius2,0.97,0.0004318410824816468
Qingdao,CI_Radius2,0.98,0.0004318410824816468
Qingdao,CI_Radius2,0.99,0.0004318410824816468
Qingdao,CI_Radius2,1.0,0.0
Qingdao,CoreHD,0.0,0.8506549589750971
Qingdao,CoreHD,0.01,0.8248524542968187
Qingdao,CoreHD,0.02,0.7668777889736578
Qingdao,CoreHD,0.03,0.7389160788829711
Qingdao,CoreHD,0.04,0.7089031236504966
Qingdao,CoreHD,0.05,0.6814812149129121
Qingdao,CoreHD,0.06,0.6404563120771556
Qingdao,CoreHD,0.07,0.5739707787534187
Qingdao,CoreHD,0.08,0.5198646897941558
Qingdao,CoreHD,0.09,0.43932632791132864
Qingdao,CoreHD,0.1,0.35824816467539944
Qingdao,CoreHD,0.11,0.29465956527997694
Qingdao,CoreHD,0.12,0.2618396430113718
Qingdao,CoreHD,0.13,0.10004318410824817
Qingdao,CoreHD,0.14,0.08392111702893335
Qingdao,CoreHD,0.15,0.020152583849143514
Qingdao,CoreHD,0.16,0.018479199654527136
Qingdao,CoreHD,0.17,0.018479199654527136
Qingdao,CoreHD,0.18,0.018479199654527136
Qingdao,CoreHD,0.19,0.018479199654527136
Qingdao,CoreHD,0.2,0.018479199654527136
Qingdao,CoreHD,0.21,0.018479199654527136
Qingdao,CoreHD,0.22,0.017039729379588312
Qingdao,CoreHD,0.23,0.016032100187131137
Qingdao,CoreHD,0.24,0.01434072261407802
Qingdao,CoreHD,0.25,0.01434072261407802
Qingdao,CoreHD,0.26,0.01434072261407802
Qingdao,CoreHD,0.27,0.01434072261407802
Qingdao,CoreHD,0.28,0.01434072261407802
Qingdao,CoreHD,0.29,0.01434072261407802
Qingdao,CoreHD,0.3,0.01434072261407802
Qingdao,CoreHD,0.31,0.01434072261407802
Qingdao,CoreHD,0.32,0.01434072261407802
Qingdao,CoreHD,0.33,0.01434072261407802
Qingdao,CoreHD,0.34,0.01434072261407802
Qingdao,CoreHD,0.35000000000000003,0.01434072261407802
Qingdao,CoreHD,0.36,0.01308118612350655
Qingdao,CoreHD,0.37,0.01308118612350655
Qingdao,CoreHD,0.38,0.01308118612350655
Qingdao,CoreHD,0.39,0.01308118612350655
Qingdao,CoreHD,0.4,0.010993954224845257
Qingdao,CoreHD,0.41000000000000003,0.010993954224845257
Qingdao,CoreHD,0.42,0.010993954224845257
Qingdao,CoreHD,0.43,0.010993954224845257
Qingdao,CoreHD,0.44,0.010993954224845257
Qingdao,CoreHD,0.45,0.010993954224845257
Qingdao,CoreHD,0.46,0.00995033827551461
Qingdao,CoreHD,0.47000000000000003,0.00995033827551461
Qingdao,CoreHD,0.48,0.00995033827551461
Qingdao,CoreHD,0.49,0.006495609615661437
Qingdao,CoreHD,0.5,0.005272059881963438
Qingdao,CoreHD,0.51,0.005272059881963438
Qingdao,CoreHD,0.52,0.005272059881963438
Qingdao,CoreHD,0.53,0.005272059881963438
Qingdao,CoreHD,0.54,0.005272059881963438
Qingdao,CoreHD,0.55,0.005272059881963438
Qingdao,CoreHD,0.56,0.0035087087951633797
Qingdao,CoreHD,0.5700000000000001,0.0035087087951633797
Qingdao,CoreHD,0.58,0.0035087087951633797
Qingdao,CoreHD,0.59,0.0035087087951633797
Qingdao,CoreHD,0.6,0.002465092845832733
Qingdao,CoreHD,0.61,0.0016373974377429106
Qingdao,CoreHD,0.62,0.0016373974377429106
Qingdao,CoreHD,0.63,0.0016373974377429106
Qingdao,CoreHD,0.64,0.0016373974377429106
Qingdao,CoreHD,0.65,0.0016373974377429106
Qingdao,CoreHD,0.66,0.0016373974377429106
Qingdao,CoreHD,0.67,0.0016373974377429106
Qingdao,CoreHD,0.68,0.0016373974377429106
Qingdao,CoreHD,0.6900000000000001,0.0016373974377429106
Qingdao,CoreHD,0.7000000000000001,0.0016373974377429106
Qingdao,CoreHD,0.71,0.0016373974377429106
Qingdao,CoreHD,0.72,0.0016373974377429106
Qingdao,CoreHD,0.73,0.0016373974377429106
Qingdao,CoreHD,0.74,0.0016373974377429106
Qingdao,CoreHD,0.75,0.0016373974377429106
Qingdao,CoreHD,0.76,0.0016373974377429106
Qingdao,CoreHD,0.77,0.0014934504102490284
Qingdao,CoreHD,0.78,0.001349503382755146
Qingdao,CoreHD,0.79,0.0005577947315387938
Qingdao,CoreHD,0.8,0.00030588743342449976
Qingdao,CoreHD,0.81,0.00030588743342449976
Qingdao,CoreHD,0.8200000000000001,0.000125953649057147
Qingdao,CoreHD,0.8300000000000001,0.000125953649057147
Qingdao,CoreHD,0.84,0.000125953649057147
Qingdao,CoreHD,0.85,0.000125953649057147
Qingdao,CoreHD,0.86,0.000125953649057147
Qingdao,CoreHD,0.87,0.000125953649057147
Qingdao,CoreHD,0.88,0.000125953649057147
Qingdao,CoreHD,0.89,0.000125953649057147
Qingdao,CoreHD,0.9,0.000125953649057147
Qingdao,CoreHD,0.91,0.000125953649057147
Qingdao,CoreHD,0.92,0.000125953649057147
Qingdao,CoreHD,0.93,0.000125953649057147
Qingdao,CoreHD,0.9400000000000001,0.000125953649057147
Qingdao,CoreHD,0.9500000000000001,0.000125953649057147
Qingdao,CoreHD,0.96,0.000125953649057147
Qingdao,CoreHD,0.97,0.000125953649057147
Qingdao,CoreHD,0.98,0.000125953649057147
Qingdao,CoreHD,0.99,0.000125953649057147
Qingdao,CoreHD,1.0,0.0
Quanzhou,CI_Radius2,0.0,0.8226375176304654
Quanzhou,CI_Radius2,0.01,0.809679125528914
Quanzhou,CI_Radius2,0.02,0.7966766572637518
Quanzhou,CI_Radius2,0.03,0.7748589562764456
Quanzhou,CI_Radius2,0.04,0.7591678420310296
Quanzhou,CI_Radius2,0.05,0.7286671368124118
Quanzhou,CI_Radius2,0.06,0.6830483074753173
Quanzhou,CI_Radius2,0.07,0.6599083215796897
Quanzhou,CI_Radius2,0.08,0.6157880818053596
Quanzhou,CI_Radius2,0.09,0.5692436530324401
Quanzhou,CI_Radius2,0.1,0.5611336389280677
Quanzhou,CI_Radius2,0.11,0.515867418899859
Quanzhou,CI_Radius2,0.12,0.49607722143864597
Quanzhou,CI_Radius2,0.13,0.4679125528913963
Quanzhou,CI_Radius2,0.14,0.39470204513399154
Quanzhou,CI_Radius2,0.15,0.3702397743300423
Quanzhou,CI_Radius2,0.16,0.3413258110014104
Quanzhou,CI_Radius2,0.17,0.31774506346967557
Quanzhou,CI_Radius2,0.18,0.26216502115655854
Quanzhou,CI_Radius2,0.19,0.2604901269393512
Quanzhou,CI_Radius2,0.2,0.19591854724964738
Quanzhou,CI_Radius2,0.21,0.19336212976022568
Quanzhou,CI_Radius2,0.22,0.14584802538787023
Quanzhou,CI_Radius2,0.23,0.13491713681241185
Quanzhou,CI_Radius2,0.24,0.12187059238363893
Quanzhou,CI_Radius2,0.25,0.11093970380818052
Quanzhou,CI_Radius2,0.26,0.11093970380818052
Quanzhou,CI_Radius2,0.27,0.1056064880112835
Quanzhou,CI_Radius2,0.28,0.10551833568406205
Quanzhou,CI_Radius2,0.29,0.10551833568406205
Quanzhou,CI_Radius2,0.3,0.0718441466854725
Quanzhou,CI_Radius2,0.31,0.06858251057827927
Quanzhou,CI_Radius2,0.32,0.06858251057827927
Quanzhou,CI_Radius2,0.33,0.05650564174894217
Quanzhou,CI_Radius2,0.34,0.0535966149506347
Quanzhou,CI_Radius2,0.35000000000000003,0.0535966149506347
Quanzhou,CI_Radius2,0.36,0.0535966149506347
Quanzhou,CI_Radius2,0.37,0.05342031029619182
Quanzhou,CI_Radius2,0.38,0.05342031029619182
Quanzhou,CI_Radius2,0.39,0.05342031029619182
Quanzhou,CI_Radius2,0.4,0.05297954866008463
Quanzhou,CI_Radius2,0.41000000000000003,0.03340973201692525
Quanzhou,CI_Radius2,0.42,0.03340973201692525
Quanzhou,CI_Radius2,0.43,0.03332157968970381
Quanzhou,CI_Radius2,0.44,0.017806770098730607
Quanzhou,CI_Radius2,0.45,0.017806770098730607
Quanzhou,CI_Radius2,0.46,0.013928067700987305
Quanzhou,CI_Radius2,0.47000000000000003,0.016484485190409025
Quanzhou,CI_Radius2,0.48,0.016484485190409025
Quanzhou,CI_Radius2,0.49,0.013311001410437236
Quanzhou,CI_Radius2,0.5,0.013311001410437236
Quanzhou,CI_Radius2,0.51,0.013311001410437236
Quanzhou,CI_Radius2,0.52,0.009873060648801129
Quanzhou,CI_Radius2,0.53,0.007581100141043724
Quanzhou,CI_Radius2,0.54,0.007669252468265162
Quanzhou,CI_Radius2,0.55,0.007669252468265162
Quanzhou,CI_Radius2,0.56,0.007669252468265162
Quanzhou,CI_Radius2,0.5700000000000001,0.007669252468265162
Quanzhou,CI_Radius2,0.58,0.007669252468265162
Quanzhou,CI_Radius2,0.59,0.007669252468265162
Quanzhou,CI_Radius2,0.6,0.006875881523272214
Quanzhou,CI_Radius2,0.61,0.006875881523272214
Quanzhou,CI_Radius2,0.62,0.004187235543018335
Quanzhou,CI_Radius2,0.63,0.004187235543018335
Quanzhou,CI_Radius2,0.64,0.002336036671368124
Quanzhou,CI_Radius2,0.65,0.002336036671368124
Quanzhou,CI_Radius2,0.66,0.002336036671368124
Quanzhou,CI_Radius2,0.67,0.002336036671368124
Quanzhou,CI_Radius2,0.68,0.002336036671368124
Quanzhou,CI_Radius2,0.6900000000000001,0.0018071227080394923
Quanzhou,CI_Radius2,0.7000000000000001,0.0018071227080394923
Quanzhou,CI_Radius2,0.71,0.0018071227080394923
Quanzhou,CI_Radius2,0.72,0.0018071227080394923
Quanzhou,CI_Radius2,0.73,0.0018071227080394923
Quanzhou,CI_Radius2,0.74,0.0018071227080394923
Quanzhou,CI_Radius2,0.75,0.0017189703808180535
Quanzhou,CI_Radius2,0.76,0.0017189703808180535
Quanzhou,CI_Radius2,0.77,0.0017189703808180535
Quanzhou,CI_Radius2,0.78,0.0015426657263751763
Quanzhou,CI_Radius2,0.79,0.0015426657263751763
Quanzhou,CI_Radius2,0.8,0.0015426657263751763
Quanzhou,CI_Radius2,0.81,0.0015426657263751763
Quanzhou,CI_Radius2,0.8200000000000001,0.0006611424541607899
Quanzhou,CI_Radius2,0.8300000000000001,0.0006611424541607899
Quanzhou,CI_Radius2,0.84,0.0006611424541607899
Quanzhou,CI_Radius2,0.85,0.0006611424541607899
Quanzhou,CI_Radius2,0.86,0.0006611424541607899
Quanzhou,CI_Radius2,0.87,0.0006611424541607899
Quanzhou,CI_Radius2,0.88,0.0006611424541607899
Quanzhou,CI_Radius2,0.89,0.0006611424541607899
Quanzhou,CI_Radius2,0.9,0.0006611424541607899
Quanzhou,CI_Radius2,0.91,0.0006611424541607899
Quanzhou,CI_Radius2,0.92,0.0006611424541607899
Quanzhou,CI_Radius2,0.93,0.0006611424541607899
Quanzhou,CI_Radius2,0.9400000000000001,0.0006611424541607899
Quanzhou,CI_Radius2,0.9500000000000001,0.0006611424541607899
Quanzhou,CI_Radius2,0.96,0.0006611424541607899
Quanzhou,CI_Radius2,0.97,0.0006611424541607899
Quanzhou,CI_Radius2,0.98,0.0006611424541607899
Quanzhou,CI_Radius2,0.99,0.00030853314527503527
Quanzhou,CI_Radius2,1.0,0.0
Quanzhou,CoreHD,0.0,0.8226375176304654
Quanzhou,CoreHD,0.01,0.7932827926657264
Quanzhou,CoreHD,0.02,0.7574929478138224
Quanzhou,CoreHD,0.03,0.6569992947813823
Quanzhou,CoreHD,0.04,0.6122179125528914
Quanzhou,CoreHD,0.05,0.5741361071932298
Quanzhou,CoreHD,0.06,0.5491889985895628
Quanzhou,CoreHD,0.07,0.5102256699576869
Quanzhou,CoreHD,0.08,0.3994181946403385
Quanzhou,CoreHD,0.09,0.33471438645980256
Quanzhou,CoreHD,0.1,0.3238716502115656
Quanzhou,CoreHD,0.11,0.28658321579689705
Quanzhou,CoreHD,0.12,0.20477785613540198
Quanzhou,CoreHD,0.13,0.14236600846262343
Quanzhou,CoreHD,0.14,0.06584978843441466
Quanzhou,CoreHD,0.15,0.02265514809590973
Quanzhou,CoreHD,0.16,0.022258462623413258
Quanzhou,CoreHD,0.17,0.02208215796897038
Quanzhou,CoreHD,0.18,0.02208215796897038
Quanzhou,CoreHD,0.19,0.02208215796897038
Quanzhou,CoreHD,0.2,0.02208215796897038
Quanzhou,CoreHD,0.21,0.02208215796897038
Quanzhou,CoreHD,0.22,0.02208215796897038
Quanzhou,CoreHD,0.23,0.017321932299012695
Quanzhou,CoreHD,0.24,0.01626410437235543
Quanzhou,CoreHD,0.25,0.015999647390691114
Quanzhou,CoreHD,0.26,0.012649858956276445
Quanzhou,CoreHD,0.27,0.012649858956276445
Quanzhou,CoreHD,0.28,0.012649858956276445
Quanzhou,CoreHD,0.29,0.012649858956276445
Quanzhou,CoreHD,0.3,0.012649858956276445
Quanzhou,CoreHD,0.31,0.012649858956276445
Quanzhou,CoreHD,0.32,0.012649858956276445
Quanzhou,CoreHD,0.33,0.012649858956276445
Quanzhou,CoreHD,0.34,0.012649858956276445
Quanzhou,CoreHD,0.35000000000000003,0.012649858956276445
Quanzhou,CoreHD,0.36,0.012649858956276445
Quanzhou,CoreHD,0.37,0.009388222849083215
Quanzhou,CoreHD,0.38,0.009388222849083215
Quanzhou,CoreHD,0.39,0.009388222849083215
Quanzhou,CoreHD,0.4,0.009388222849083215
Quanzhou,CoreHD,0.41000000000000003,0.009388222849083215
Quanzhou,CoreHD,0.42,0.009388222849083215
Quanzhou,CoreHD,0.43,0.009388222849083215
Quanzhou,CoreHD,0.44,0.009388222849083215
Quanzhou,CoreHD,0.45,0.009388222849083215
Quanzhou,CoreHD,0.46,0.009388222849083215
Quanzhou,CoreHD,0.47000000000000003,0.009388222849083215
Quanzhou,CoreHD,0.48,0.008330394922425951
Quanzhou,CoreHD,0.49,0.008330394922425951
Quanzhou,CoreHD,0.5,0.008330394922425951
Quanzhou,CoreHD,0.51,0.008330394922425951
Quanzhou,CoreHD,0.52,0.008330394922425951
Quanzhou,CoreHD,0.53,0.008330394922425951
Quanzhou,CoreHD,0.54,0.008330394922425951
Quanzhou,CoreHD,0.55,0.008330394922425951
Quanzhou,CoreHD,0.56,0.00647919605077574
Quanzhou,CoreHD,0.5700000000000001,0.00647919605077574
Quanzhou,CoreHD,0.58,0.00647919605077574
Quanzhou,CoreHD,0.59,0.00647919605077574
Quanzhou,CoreHD,0.6,0.00647919605077574
Quanzhou,CoreHD,0.61,0.00647919605077574
Quanzhou,CoreHD,0.62,0.005333215796897038
Quanzhou,CoreHD,0.63,0.0033057122708039493
Quanzhou,CoreHD,0.64,0.0033057122708039493
Quanzhou,CoreHD,0.65,0.002688645980253879
Quanzhou,CoreHD,0.66,0.002336036671368124
Quanzhou,CoreHD,0.67,0.002336036671368124
Quanzhou,CoreHD,0.68,0.002336036671368124
Quanzhou,CoreHD,0.6900000000000001,0.002336036671368124
Quanzhou,CoreHD,0.7000000000000001,0.002336036671368124
Quanzhou,CoreHD,0.71,0.002336036671368124
Quanzhou,CoreHD,0.72,0.002336036671368124
Quanzhou,CoreHD,0.73,0.002336036671368124
Quanzhou,CoreHD,0.74,0.001630818053596615
Quanzhou,CoreHD,0.75,0.001630818053596615
Quanzhou,CoreHD,0.76,0.001630818053596615
Quanzhou,CoreHD,0.77,0.001630818053596615
Quanzhou,CoreHD,0.78,0.001630818053596615
Quanzhou,CoreHD,0.79,0.001366361071932299
Quanzhou,CoreHD,0.8,0.0008374471086036671
Quanzhou,CoreHD,0.81,0.0006611424541607899
Quanzhou,CoreHD,0.8200000000000001,0.0005729901269393512
Quanzhou,CoreHD,0.8300000000000001,0.00030853314527503527
Quanzhou,CoreHD,0.84,0.00030853314527503527
Quanzhou,CoreHD,0.85,0.00030853314527503527
Quanzhou,CoreHD,0.86,0.00030853314527503527
Quanzhou,CoreHD,0.87,0.00030853314527503527
Quanzhou,CoreHD,0.88,0.00030853314527503527
Quanzhou,CoreHD,0.89,0.00030853314527503527
Quanzhou,CoreHD,0.9,0.00030853314527503527
Quanzhou,CoreHD,0.91,0.00030853314527503527
Quanzhou,CoreHD,0.92,0.00030853314527503527
Quanzhou,CoreHD,0.93,0.00030853314527503527
Quanzhou,CoreHD,0.9400000000000001,0.00030853314527503527
Quanzhou,CoreHD,0.9500000000000001,0.00030853314527503527
Quanzhou,CoreHD,0.96,0.00030853314527503527
Quanzhou,CoreHD,0.97,0.00030853314527503527
Quanzhou,CoreHD,0.98,0.00030853314527503527
Quanzhou,CoreHD,0.99,0.00030853314527503527
Quanzhou,CoreHD,1.0,0.0
Shenyang,CI_Radius2,0.0,0.9121538461538461
Shenyang,CI_Radius2,0.01,0.8961153846153846
Shenyang,CI_Radius2,0.02,0.881326923076923
Shenyang,CI_Radius2,0.03,0.8667884615384616
Shenyang,CI_Radius2,0.04,0.8536730769230769
Shenyang,CI_Radius2,0.05,0.8367884615384615
Shenyang,CI_Radius2,0.06,0.8180384615384615
Shenyang,CI_Radius2,0.07,0.7953461538461538
Shenyang,CI_Radius2,0.08,0.7157115384615385
Shenyang,CI_Radius2,0.09,0.6875384615384615
Shenyang,CI_Radius2,0.1,0.6631730769230769
Shenyang,CI_Radius2,0.11,0.6387115384615385
Shenyang,CI_Radius2,0.12,0.6130192307692308
Shenyang,CI_Radius2,0.13,0.5753653846153846
Shenyang,CI_Radius2,0.14,0.5463461538461538
Shenyang,CI_Radius2,0.15,0.4968461538461538
Shenyang,CI_Radius2,0.16,0.46371153846153845
Shenyang,CI_Radius2,0.17,0.4193269230769231
Shenyang,CI_Radius2,0.18,0.3997307692307692
Shenyang,CI_Radius2,0.19,0.3569230769230769
Shenyang,CI_Radius2,0.2,0.3374807692307692
Shenyang,CI_Radius2,0.21,0.23642307692307693
Shenyang,CI_Radius2,0.22,0.15092307692307694
Shenyang,CI_Radius2,0.23,0.13534615384615384
Shenyang,CI_Radius2,0.24,0.07715384615384616
Shenyang,CI_Radius2,0.25,0.07688461538461538
Shenyang,CI_Radius2,0.26,0.07346153846153847
Shenyang,CI_Radius2,0.27,0.052076923076923076
Shenyang,CI_Radius2,0.28,0.051769230769230776
Shenyang,CI_Radius2,0.29,0.05165384615384616
Shenyang,CI_Radius2,0.3,0.03646153846153846
Shenyang,CI_Radius2,0.31,0.03646153846153846
Shenyang,CI_Radius2,0.32,0.03646153846153846
Shenyang,CI_Radius2,0.33,0.02757692307692308
Shenyang,CI_Radius2,0.34,0.02757692307692308
Shenyang,CI_Radius2,0.35000000000000003,0.02757692307692308
Shenyang,CI_Radius2,0.36,0.027230769230769232
Shenyang,CI_Radius2,0.37,0.025961538461538463
Shenyang,CI_Radius2,0.38,0.025961538461538463
Shenyang,CI_Radius2,0.39,0.025961538461538463
Shenyang,CI_Radius2,0.4,0.02130769230769231
Shenyang,CI_Radius2,0.41000000000000003,0.018
Shenyang,CI_Radius2,0.42,0.018
Shenyang,CI_Radius2,0.43,0.018
Shenyang,CI_Radius2,0.44,0.018
Shenyang,CI_Radius2,0.45,0.014
Shenyang,CI_Radius2,0.46,0.014
Shenyang,CI_Radius2,0.47000000000000003,0.014
Shenyang,CI_Radius2,0.48,0.014
Shenyang,CI_Radius2,0.49,0.014
Shenyang,CI_Radius2,0.5,0.014
Shenyang,CI_Radius2,0.51,0.006423076923076924
Shenyang,CI_Radius2,0.52,0.006423076923076924
Shenyang,CI_Radius2,0.53,0.006423076923076924
Shenyang,CI_Radius2,0.54,0.006423076923076924
Shenyang,CI_Radius2,0.55,0.008
Shenyang,CI_Radius2,0.56,0.008
Shenyang,CI_Radius2,0.5700000000000001,0.008
Shenyang,CI_Radius2,0.58,0.008
Shenyang,CI_Radius2,0.59,0.008
Shenyang,CI_Radius2,0.6,0.007423076923076923
Shenyang,CI_Radius2,0.61,0.007423076923076923
Shenyang,CI_Radius2,0.62,0.007423076923076923
Shenyang,CI_Radius2,0.63,0.007384615384615385
Shenyang,CI_Radius2,0.64,0.005807692307692307
Shenyang,CI_Radius2,0.65,0.005807692307692307
Shenyang,CI_Radius2,0.66,0.005807692307692307
Shenyang,CI_Radius2,0.67,0.005807692307692307
Shenyang,CI_Radius2,0.68,0.005615384615384616
Shenyang,CI_Radius2,0.6900000000000001,0.005615384615384616
Shenyang,CI_Radius2,0.7000000000000001,0.003961538461538462
Shenyang,CI_Radius2,0.71,0.003961538461538462
Shenyang,CI_Radius2,0.72,0.003961538461538462
Shenyang,CI_Radius2,0.73,0.0014423076923076922
Shenyang,CI_Radius2,0.74,0.0014423076923076922
Shenyang,CI_Radius2,0.75,0.0014423076923076922
Shenyang,CI_Radius2,0.76,0.001096153846153846
Shenyang,CI_Radius2,0.77,0.001096153846153846
Shenyang,CI_Radius2,0.78,0.001096153846153846
Shenyang,CI_Radius2,0.79,0.0010192307692307692
Shenyang,CI_Radius2,0.8,0.0007884615384615384
Shenyang,CI_Radius2,0.81,0.0007884615384615384
Shenyang,CI_Radius2,0.8200000000000001,0.0007884615384615384
Shenyang,CI_Radius2,0.8300000000000001,0.0007884615384615384
Shenyang,CI_Radius2,0.84,0.0005576923076923077
Shenyang,CI_Radius2,0.85,0.0005576923076923077
Shenyang,CI_Radius2,0.86,0.0005576923076923077
Shenyang,CI_Radius2,0.87,0.0005576923076923077
Shenyang,CI_Radius2,0.88,0.0004807692307692308
Shenyang,CI_Radius2,0.89,0.0004423076923076923
Shenyang,CI_Radius2,0.9,0.00025
Shenyang,CI_Radius2,0.91,0.00025
Shenyang,CI_Radius2,0.92,0.00025
Shenyang,CI_Radius2,0.93,0.00025
Shenyang,CI_Radius2,0.9400000000000001,0.00025
Shenyang,CI_Radius2,0.9500000000000001,0.00021153846153846155
Shenyang,CI_Radius2,0.96,0.00021153846153846155
Shenyang,CI_Radius2,0.97,0.00021153846153846155
Shenyang,CI_Radius2,0.98,0.00021153846153846155
Shenyang,CI_Radius2,0.99,0.00021153846153846155
Shenyang,CI_Radius2,1.0,0.0
Shenyang,CoreHD,0.0,0.9121538461538461
Shenyang,CoreHD,0.01,0.8954615384615385
Shenyang,CoreHD,0.02,0.8629615384615384
Shenyang,CoreHD,0.03,0.7850769230769231
Shenyang,CoreHD,0.04,0.759
Shenyang,CoreHD,0.05,0.7355
Shenyang,CoreHD,0.06,0.7077692307692307
Shenyang,CoreHD,0.07,0.6776153846153846
Shenyang,CoreHD,0.08,0.6531153846153847
Shenyang,CoreHD,0.09,0.6032500000000001
Shenyang,CoreHD,0.1,0.5715192307692307
Shenyang,CoreHD,0.11,0.5231923076923077
Shenyang,CoreHD,0.12,0.4647692307692308
Shenyang,CoreHD,0.13,0.4561153846153846
Shenyang,CoreHD,0.14,0.3611153846153846
Shenyang,CoreHD,0.15,0.30092307692307696
Shenyang,CoreHD,0.16,0.2138076923076923
Shenyang,CoreHD,0.17,0.13103846153846152
Shenyang,CoreHD,0.18,0.03169230769230769
Shenyang,CoreHD,0.19,0.012057692307692307
Shenyang,CoreHD,0.2,0.012057692307692307
Shenyang,CoreHD,0.21,0.012057692307692307
Shenyang,CoreHD,0.22,0.012057692307692307
Shenyang,CoreHD,0.23,0.012057692307692307
Shenyang,CoreHD,0.24,0.012057692307692307
Shenyang,CoreHD,0.25,0.012057692307692307
Shenyang,CoreHD,0.26,0.012057692307692307
Shenyang,CoreHD,0.27,0.012057692307692307
Shenyang,CoreHD,0.28,0.010365384615384615
Shenyang,CoreHD,0.29,0.008134615384615384
Shenyang,CoreHD,0.3,0.008134615384615384
Shenyang,CoreHD,0.31,0.008134615384615384
Shenyang,CoreHD,0.32,0.008134615384615384
Shenyang,CoreHD,0.33,0.007788461538461539
Shenyang,CoreHD,0.34,0.006865384615384616
Shenyang,CoreHD,0.35000000000000003,0.006865384615384616
Shenyang,CoreHD,0.36,0.0059038461538461545
Shenyang,CoreHD,0.37,0.0059038461538461545
Shenyang,CoreHD,0.38,0.0059038461538461545
Shenyang,CoreHD,0.39,0.0059038461538461545
Shenyang,CoreHD,0.4,0.0059038461538461545
Shenyang,CoreHD,0.41000000000000003,0.0059038461538461545
Shenyang,CoreHD,0.42,0.0059038461538461545
Shenyang,CoreHD,0.43,0.0059038461538461545
Shenyang,CoreHD,0.44,0.0059038461538461545
Shenyang,CoreHD,0.45,0.0059038461538461545
Shenyang,CoreHD,0.46,0.0059038461538461545
Shenyang,CoreHD,0.47000000000000003,0.0059038461538461545
Shenyang,CoreHD,0.48,0.0059038461538461545
Shenyang,CoreHD,0.49,0.0059038461538461545
Shenyang,CoreHD,0.5,0.0059038461538461545
Shenyang,CoreHD,0.51,0.0059038461538461545
Shenyang,CoreHD,0.52,0.0059038461538461545
Shenyang,CoreHD,0.53,0.0059038461538461545
Shenyang,CoreHD,0.54,0.0059038461538461545
Shenyang,CoreHD,0.55,0.005096153846153847
Shenyang,CoreHD,0.56,0.005096153846153847
Shenyang,CoreHD,0.5700000000000001,0.004326923076923077
Shenyang,CoreHD,0.58,0.004326923076923077
Shenyang,CoreHD,0.59,0.004326923076923077
Shenyang,CoreHD,0.6,0.004326923076923077
Shenyang,CoreHD,0.61,0.004326923076923077
Shenyang,CoreHD,0.62,0.004326923076923077
Shenyang,CoreHD,0.63,0.004326923076923077
Shenyang,CoreHD,0.64,0.004326923076923077
Shenyang,CoreHD,0.65,0.004326923076923077
Shenyang,CoreHD,0.66,0.004326923076923077
Shenyang,CoreHD,0.67,0.00325
Shenyang,CoreHD,0.68,0.0032115384615384614
Shenyang,CoreHD,0.6900000000000001,0.0032115384615384614
Shenyang,CoreHD,0.7000000000000001,0.0032115384615384614
Shenyang,CoreHD,0.71,0.0032115384615384614
Shenyang,CoreHD,0.72,0.0032115384615384614
Shenyang,CoreHD,0.73,0.0032115384615384614
Shenyang,CoreHD,0.74,0.003173076923076923
Shenyang,CoreHD,0.75,0.0021346153846153845
Shenyang,CoreHD,0.76,0.0011346153846153845
Shenyang,CoreHD,0.77,0.0011346153846153845
Shenyang,CoreHD,0.78,0.0011346153846153845
Shenyang,CoreHD,0.79,0.0011346153846153845
Shenyang,CoreHD,0.8,0.001096153846153846
Shenyang,CoreHD,0.81,0.001096153846153846
Shenyang,CoreHD,0.8200000000000001,0.001096153846153846
Shenyang,CoreHD,0.8300000000000001,0.001096153846153846
Shenyang,CoreHD,0.84,0.001096153846153846
Shenyang,CoreHD,0.85,0.001096153846153846
Shenyang,CoreHD,0.86,0.001096153846153846
Shenyang,CoreHD,0.87,0.001096153846153846
Shenyang,CoreHD,0.88,0.001096153846153846
Shenyang,CoreHD,0.89,0.0003269230769230769
Shenyang,CoreHD,0.9,0.00021153846153846155
Shenyang,CoreHD,0.91,0.0001346153846153846
Shenyang,CoreHD,0.92,0.0001346153846153846
Shenyang,CoreHD,0.93,0.0001346153846153846
Shenyang,CoreHD,0.9400000000000001,0.0001346153846153846
Shenyang,CoreHD,0.9500000000000001,0.0001346153846153846
Shenyang,CoreHD,0.96,0.0001346153846153846
Shenyang,CoreHD,0.97,0.0001346153846153846
Shenyang,CoreHD,0.98,0.0001346153846153846
Shenyang,CoreHD,0.99,0.0001346153846153846
Shenyang,CoreHD,1.0,0.0
Zhengzhou,CI_Radius2,0.0,0.8937459070072036
Zhengzhou,CI_Radius2,0.01,0.8809484828640035
Zhengzhou,CI_Radius2,0.02,0.8693789565597032
Zhengzhou,CI_Radius2,0.03,0.8579458633486139
Zhengzhou,CI_Radius2,0.04,0.8424197773411919
Zhengzhou,CI_Radius2,0.05,0.8284217419777341
Zhengzhou,CI_Radius2,0.06,0.8099759877755949
Zhengzhou,CI_Radius2,0.07,0.7952957869460816
Zhengzhou,CI_Radius2,0.08,0.7544750054573237
Zhengzhou,CI_Radius2,0.09,0.7274612530015281
Zhengzhou,CI_Radius2,0.1,0.7055228116131849
Zhengzhou,CI_Radius2,0.11,0.6787000654878848
Zhengzhou,CI_Radius2,0.12,0.6468838681510587
Zhengzhou,CI_Radius2,0.13,0.5962126173324602
Zhengzhou,CI_Radius2,0.14,0.5734828640034927
Zhengzhou,CI_Radius2,0.15,0.5285690897184021
Zhengzhou,CI_Radius2,0.16,0.48016262824710765
Zhengzhou,CI_Radius2,0.17,0.45639598340973586
Zhengzhou,CI_Radius2,0.18,0.41740340537000653
Zhengzhou,CI_Radius2,0.19,0.3767463435931019
Zhengzhou,CI_Radius2,0.2,0.3146692861820563
Zhengzhou,CI_Radius2,0.21,0.27570399476096924
Zhengzhou,CI_Radius2,0.22,0.24961798733900895
Zhengzhou,CI_Radius2,0.23,0.2403951102379393
Zhengzhou,CI_Radius2,0.24,0.23084479371316308
Zhengzhou,CI_Radius2,0.25,0.21032525649421524
Zhengzhou,CI_Radius2,0.26,0.20967037764680202
Zhengzhou,CI_Radius2,0.27,0.16251910063304953
Zhengzhou,CI_Radius2,0.28,0.11635014189041694
Zhengzhou,CI_Radius2,0.29,0.11585898275485702
Zhengzhou,CI_Radius2,0.3,0.0803863785199738
Zhengzhou,CI_Radius2,0.31,0.0803863785199738
Zhengzhou,CI_Radius2,0.32,0.07902204758786291
Zhengzhou,CI_Radius2,0.33,0.07345557738485048
Zhengzhou,CI_Radius2,0.34,0.07285527177472167
Zhengzhou,CI_Radius2,0.35000000000000003,0.06848941279196682
Zhengzhou,CI_Radius2,0.36,0.05064396419995634
Zhengzhou,CI_Radius2,0.37,0.0488976206068544
Zhengzhou,CI_Radius2,0.38,0.04873390089500109
Zhengzhou,CI_Radius2,0.39,0.04873390089500109
Zhengzhou,CI_Radius2,0.4,0.04775158262388125
Zhengzhou,CI_Radius2,0.41000000000000003,0.04775158262388125
Zhengzhou,CI_Radius2,0.42,0.04769700938659681
Zhengzhou,CI_Radius2,0.43,0.04605981226806374
Zhengzhou,CI_Radius2,0.44,0.04556865313250382
Zhengzhou,CI_Radius2,0.45,0.04535036018336608
Zhengzhou,CI_Radius2,0.46,0.04447718838681511
Zhengzhou,CI_Radius2,0.47000000000000003,0.04442261514953067
Zhengzhou,CI_Radius2,0.48,0.044095175725824054
Zhengzhou,CI_Radius2,0.49,0.044095175725824054
Zhengzhou,CI_Radius2,0.5,0.044040602488539624
Zhengzhou,CI_Radius2,0.51,0.044040602488539624
Zhengzhou,CI_Radius2,0.52,0.043222003929273084
Zhengzhou,CI_Radius2,0.53,0.043222003929273084
Zhengzhou,CI_Radius2,0.54,0.04300371098013534
Zhengzhou,CI_Radius2,0.55,0.04300371098013534
Zhengzhou,CI_Radius2,0.56,0.03869242523466492
Zhengzhou,CI_Radius2,0.5700000000000001,0.038092119624536125
Zhengzhou,CI_Radius2,0.58,0.02624972713381358
Zhengzhou,CI_Radius2,0.59,0.02608600742196027
Zhengzhou,CI_Radius2,0.6,0.014025321982099978
Zhengzhou,CI_Radius2,0.61,0.014025321982099978
Zhengzhou,CI_Radius2,0.62,0.014025321982099978
Zhengzhou,CI_Radius2,0.63,0.01156952630430037
Zhengzhou,CI_Radius2,0.64,0.01156952630430037
Zhengzhou,CI_Radius2,0.65,0.01156952630430037
Zhengzhou,CI_Radius2,0.66,0.01156952630430037
Zhengzhou,CI_Radius2,0.67,0.0035199738048461034
Zhengzhou,CI_Radius2,0.68,0.0035199738048461034
Zhengzhou,CI_Radius2,0.6900000000000001,0.0035199738048461034
Zhengzhou,CI_Radius2,0.7000000000000001,0.0035199738048461034
Zhengzhou,CI_Radius2,0.71,0.003137961143855053
Zhengzhou,CI_Radius2,0.72,0.001937349923597468
Zhengzhou,CI_Radius2,0.73,0.001937349923597468
Zhengzhou,CI_Radius2,0.74,0.001937349923597468
Zhengzhou,CI_Radius2,0.75,0.0017736302117441608
Zhengzhou,CI_Radius2,0.76,0.0017736302117441608
Zhengzhou,CI_Radius2,0.77,0.0017736302117441608
Zhengzhou,CI_Radius2,0.78,0.0017736302117441608
Zhengzhou,CI_Radius2,0.79,0.0017736302117441608
Zhengzhou,CI_Radius2,0.8,0.0017736302117441608
Zhengzhou,CI_Radius2,0.81,0.0016644837371752894
Zhengzhou,CI_Radius2,0.8200000000000001,0.0016644837371752894
Zhengzhou,CI_Radius2,0.8300000000000001,0.0016644837371752894
Zhengzhou,CI_Radius2,0.84,0.001555337262606418
Zhengzhou,CI_Radius2,0.85,0.001555337262606418
Zhengzhou,CI_Radius2,0.86,0.0010096048897620608
Zhengzhou,CI_Radius2,0.87,0.00046387251691770357
Zhengzhou,CI_Radius2,0.88,0.00046387251691770357
Zhengzhou,CI_Radius2,0.89,0.0003001528050643964
Zhengzhou,CI_Radius2,0.9,0.0003001528050643964
Zhengzhou,CI_Radius2,0.91,0.0003001528050643964
Zhengzhou,CI_Radius2,0.92,0.0003001528050643964
Zhengzhou,CI_Radius2,0.93,0.00024557956777996074
Zhengzhou,CI_Radius2,0.9400000000000001,0.00024557956777996074
Zhengzhou,CI_Radius2,0.9500000000000001,0.00024557956777996074
Zhengzhou,CI_Radius2,0.96,0.000191006330495525
Zhengzhou,CI_Radius2,0.97,0.000191006330495525
Zhengzhou,CI_Radius2,0.98,0.000191006330495525
Zhengzhou,CI_Radius2,0.99,0.000191006330495525
Zhengzhou,CI_Radius2,1.0,0.0
Zhengzhou,CoreHD,0.0,0.8937459070072036
Zhengzhou,CoreHD,0.01,0.8539893036454922
Zhengzhou,CoreHD,0.02,0.8210816415629776
Zhengzhou,CoreHD,0.03,0.7931401440733464
Zhengzhou,CoreHD,0.04,0.7603962017026851
Zhengzhou,CoreHD,0.05,0.7300261951538966
Zhengzhou,CoreHD,0.06,0.7075147347740668
Zhengzhou,CoreHD,0.07,0.674852652259332
Zhengzhou,CoreHD,0.08,0.6450010914647457
Zhengzhou,CoreHD,0.09,0.5823510150622135
Zhengzhou,CoreHD,0.1,0.540329622353198
Zhengzhou,CoreHD,0.11,0.480462781052172
Zhengzhou,CoreHD,0.12,0.3759550316524777
Zhengzhou,CoreHD,0.13,0.286072909845012
Zhengzhou,CoreHD,0.14,0.22473259113730626
Zhengzhou,CoreHD,0.15,0.13714254529578696
Zhengzhou,CoreHD,0.16,0.04150294695481336
Zhengzhou,CoreHD,0.17,0.04150294695481336
Zhengzhou,CoreHD,0.18,0.04150294695481336
Zhengzhou,CoreHD,0.19,0.04150294695481336
Zhengzhou,CoreHD,0.2,0.04150294695481336
Zhengzhou,CoreHD,0.21,0.04150294695481336
Zhengzhou,CoreHD,0.22,0.04150294695481336
Zhengzhou,CoreHD,0.23,0.04150294695481336
Zhengzhou,CoreHD,0.24,0.04150294695481336
Zhengzhou,CoreHD,0.25,0.04150294695481336
Zhengzhou,CoreHD,0.26,0.019673652041039075
Zhengzhou,CoreHD,0.27,0.016890416939532853
Zhengzhou,CoreHD,0.28,0.016890416939532853
Zhengzhou,CoreHD,0.29,0.016890416939532853
Zhengzhou,CoreHD,0.3,0.016890416939532853
Zhengzhou,CoreHD,0.31,0.016890416939532853
Zhengzhou,CoreHD,0.32,0.016890416939532853
Zhengzhou,CoreHD,0.33,0.016890416939532853
Zhengzhou,CoreHD,0.34,0.016890416939532853
Zhengzhou,CoreHD,0.35000000000000003,0.016453831041257368
Zhengzhou,CoreHD,0.36,0.014762060685439862
Zhengzhou,CoreHD,0.37,0.014762060685439862
Zhengzhou,CoreHD,0.38,0.014762060685439862
Zhengzhou,CoreHD,0.39,0.014762060685439862
Zhengzhou,CoreHD,0.4,0.014762060685439862
Zhengzhou,CoreHD,0.41000000000000003,0.014762060685439862
Zhengzhou,CoreHD,0.42,0.014762060685439862
Zhengzhou,CoreHD,0.43,0.014762060685439862
Zhengzhou,CoreHD,0.44,0.014762060685439862
Zhengzhou,CoreHD,0.45,0.014762060685439862
Zhengzhou,CoreHD,0.46,0.014762060685439862
Zhengzhou,CoreHD,0.47000000000000003,0.014762060685439862
Zhengzhou,CoreHD,0.48,0.014762060685439862
Zhengzhou,CoreHD,0.49,0.014762060685439862
Zhengzhou,CoreHD,0.5,0.014762060685439862
Zhengzhou,CoreHD,0.51,0.014762060685439862
Zhengzhou,CoreHD,0.52,0.014762060685439862
Zhengzhou,CoreHD,0.53,0.014052608600742197
Zhengzhou,CoreHD,0.54,0.014052608600742197
Zhengzhou,CoreHD,0.55,0.013452302990613403
Zhengzhou,CoreHD,0.56,0.013452302990613403
Zhengzhou,CoreHD,0.5700000000000001,0.010723641126391618
Zhengzhou,CoreHD,0.58,0.009523029906134033
Zhengzhou,CoreHD,0.59,0.009523029906134033
Zhengzhou,CoreHD,0.6,0.009523029906134033
Zhengzhou,CoreHD,0.61,0.00854071163501419
Zhengzhou,CoreHD,0.62,0.003356254092992796
Zhengzhou,CoreHD,0.63,0.003356254092992796
Zhengzhou,CoreHD,0.64,0.003356254092992796
Zhengzhou,CoreHD,0.65,0.0027013752455795677
Zhengzhou,CoreHD,0.66,0.001719056974459725
Zhengzhou,CoreHD,0.67,0.001719056974459725
Zhengzhou,CoreHD,0.68,0.001719056974459725
Zhengzhou,CoreHD,0.6900000000000001,0.001719056974459725
Zhengzhou,CoreHD,0.7000000000000001,0.001719056974459725
Zhengzhou,CoreHD,0.71,0.001719056974459725
Zhengzhou,CoreHD,0.72,0.001719056974459725
Zhengzhou,CoreHD,0.73,0.001719056974459725
Zhengzhou,CoreHD,0.74,0.001719056974459725
Zhengzhou,CoreHD,0.75,0.001719056974459725
Zhengzhou,CoreHD,0.76,0.001719056974459725
Zhengzhou,CoreHD,0.77,0.001719056974459725
Zhengzhou,CoreHD,0.78,0.001719056974459725
Zhengzhou,CoreHD,0.79,0.001719056974459725
Zhengzhou,CoreHD,0.8,0.0015007640253219823
Zhengzhou,CoreHD,0.81,0.0015007640253219823
Zhengzhou,CoreHD,0.8200000000000001,0.0015007640253219823
Zhengzhou,CoreHD,0.8300000000000001,0.0015007640253219823
Zhengzhou,CoreHD,0.84,0.0015007640253219823
Zhengzhou,CoreHD,0.85,0.0015007640253219823
Zhengzhou,CoreHD,0.86,0.0007913119406243179
Zhengzhou,CoreHD,0.87,0.0005184457542021393
Zhengzhou,CoreHD,0.88,0.0003001528050643964
Zhengzhou,CoreHD,0.89,0.000191006330495525
Zhengzhou,CoreHD,0.9,0.000191006330495525
Zhengzhou,CoreHD,0.91,0.000191006330495525
Zhengzhou,CoreHD,0.92,0.000191006330495525
Zhengzhou,CoreHD,0.93,0.000191006330495525
Zhengzhou,CoreHD,0.9400000000000001,0.000191006330495525
Zhengzhou,CoreHD,0.9500000000000001,0.000191006330495525
Zhengzhou,CoreHD,0.96,0.000191006330495525
Zhengzhou,CoreHD,0.97,0.000191006330495525
Zhengzhou,CoreHD,0.98,0.000191006330495525
Zhengzhou,CoreHD,0.99,0.000191006330495525
Zhengzhou,CoreHD,1.0,0.0
